[{"model": "admin.logentry", "pk": 1, "fields": {"action_time": "2022-01-16T22:35:11.236Z", "user": 1, "content_type": 7, "object_id": "1", "object_repr": "robertprice-bm.com", "action_flag": 2, "change_message": "[{\"changed\": {\"fields\": [\"Domain name\", \"Display name\"]}}]"}}, {"model": "admin.logentry", "pk": 2, "fields": {"action_time": "2022-01-16T23:03:47.214Z", "user": 1, "content_type": 8, "object_id": "1", "object_repr": "admin@robertprice.com", "action_flag": 1, "change_message": "[{\"added\": {}}]"}}, {"model": "admin.logentry", "pk": 3, "fields": {"action_time": "2022-01-26T11:45:08.642Z", "user": 1, "content_type": 16, "object_id": "1", "object_repr": "B4A750E0292949FAB505C8F19929F54C", "action_flag": 2, "change_message": "[{\"changed\": {\"name\": \"order line item\", \"object\": \"SKU 142166 on order B4A750E0292949FAB505C8F19929F54C\", \"fields\": [\"Quantity\"]}}, {\"changed\": {\"name\": \"order line item\", \"object\": \"SKU 106437 on order B4A750E0292949FAB505C8F19929F54C\", \"fields\": [\"Quantity\"]}}]"}}, {"model": "admin.logentry", "pk": 4, "fields": {"action_time": "2022-01-26T11:45:30.532Z", "user": 1, "content_type": 16, "object_id": "1", "object_repr": "B4A750E0292949FAB505C8F19929F54C", "action_flag": 2, "change_message": "[{\"changed\": {\"name\": \"order line item\", \"object\": \"SKU 109363 on order B4A750E0292949FAB505C8F19929F54C\", \"fields\": [\"Quantity\"]}}]"}}, {"model": "admin.logentry", "pk": 5, "fields": {"action_time": "2022-01-26T12:42:40.337Z", "user": 1, "content_type": 16, "object_id": "1", "object_repr": "B4A750E0292949FAB505C8F19929F54C", "action_flag": 3, "change_message": ""}}, {"model": "admin.logentry", "pk": 6, "fields": {"action_time": "2022-01-27T15:14:54.543Z", "user": 1, "content_type": 16, "object_id": "25", "object_repr": "3018E3A197214A298D7441201CC4E69B", "action_flag": 3, "change_message": ""}}, {"model": "admin.logentry", "pk": 7, "fields": {"action_time": "2022-01-27T15:14:54.686Z", "user": 1, "content_type": 16, "object_id": "24", "object_repr": "01FC2E70A0F741E0A1A5DE30853D9435", "action_flag": 3, "change_message": ""}}, {"model": "admin.logentry", "pk": 8, "fields": {"action_time": "2022-01-27T15:14:54.692Z", "user": 1, "content_type": 16, "object_id": "23", "object_repr": "E6DF2F24C7394A2FA836AF3F59693451", "action_flag": 3, "change_message": ""}}, {"model": "admin.logentry", "pk": 9, "fields": {"action_time": "2022-01-27T15:14:54.697Z", "user": 1, "content_type": 16, "object_id": "22", "object_repr": "57025809D5E54D62BE856C77C501CDE4", "action_flag": 3, "change_message": ""}}, {"model": "admin.logentry", "pk": 10, "fields": {"action_time": "2022-01-27T15:14:54.702Z", "user": 1, "content_type": 16, "object_id": "21", "object_repr": "8395EE94002C4EE99EAE705628443C76", "action_flag": 3, "change_message": ""}}, {"model": "admin.logentry", "pk": 11, "fields": {"action_time": "2022-01-27T15:14:54.721Z", "user": 1, "content_type": 16, "object_id": "20", "object_repr": "3F3BA95C34F94E37BF26173B97A16EAC", "action_flag": 3, "change_message": ""}}, {"model": "admin.logentry", "pk": 12, "fields": {"action_time": "2022-01-27T15:14:54.726Z", "user": 1, "content_type": 16, "object_id": "19", "object_repr": "C3016B3840F24F70A123A06431DF9AD6", "action_flag": 3, "change_message": ""}}, {"model": "admin.logentry", "pk": 13, "fields": {"action_time": "2022-01-27T15:14:54.731Z", "user": 1, "content_type": 16, "object_id": "18", "object_repr": "C399D4EFCF804698A0D341593A1DE7F8", "action_flag": 3, "change_message": ""}}, {"model": "admin.logentry", "pk": 14, "fields": {"action_time": "2022-01-27T15:14:54.736Z", "user": 1, "content_type": 16, "object_id": "17", "object_repr": "5E8C20D429024C6597CB546C52C0ECD3", "action_flag": 3, "change_message": ""}}, {"model": "admin.logentry", "pk": 15, "fields": {"action_time": "2022-01-27T15:14:54.740Z", "user": 1, "content_type": 16, "object_id": "16", "object_repr": "80935C83A6C74A3B80AEB968350E0284", "action_flag": 3, "change_message": ""}}, {"model": "admin.logentry", "pk": 16, "fields": {"action_time": "2022-01-27T15:14:54.745Z", "user": 1, "content_type": 16, "object_id": "15", "object_repr": "B5F23C22BE114CA9AA7AEC1FBDB60E09", "action_flag": 3, "change_message": ""}}, {"model": "admin.logentry", "pk": 17, "fields": {"action_time": "2022-01-27T15:14:54.750Z", "user": 1, "content_type": 16, "object_id": "14", "object_repr": "43CEAD579BFB4F9CAD5E665455B16293", "action_flag": 3, "change_message": ""}}, {"model": "admin.logentry", "pk": 18, "fields": {"action_time": "2022-01-27T15:14:54.754Z", "user": 1, "content_type": 16, "object_id": "13", "object_repr": "C4B58862D8464845BAB65CCE6D900606", "action_flag": 3, "change_message": ""}}, {"model": "admin.logentry", "pk": 19, "fields": {"action_time": "2022-01-27T15:14:54.758Z", "user": 1, "content_type": 16, "object_id": "12", "object_repr": "BCE6405F24534151B390DAEBA6EAE54A", "action_flag": 3, "change_message": ""}}, {"model": "admin.logentry", "pk": 20, "fields": {"action_time": "2022-01-27T15:14:54.763Z", "user": 1, "content_type": 16, "object_id": "11", "object_repr": "FC038563E1DA44ECB0E3931394A4257F", "action_flag": 3, "change_message": ""}}, {"model": "admin.logentry", "pk": 21, "fields": {"action_time": "2022-01-27T15:14:54.767Z", "user": 1, "content_type": 16, "object_id": "10", "object_repr": "EB2BC569B5DA4B16A408836F2120A580", "action_flag": 3, "change_message": ""}}, {"model": "admin.logentry", "pk": 22, "fields": {"action_time": "2022-01-27T15:14:54.771Z", "user": 1, "content_type": 16, "object_id": "9", "object_repr": "4A16D31F04A540199046EB716484670D", "action_flag": 3, "change_message": ""}}, {"model": "admin.logentry", "pk": 23, "fields": {"action_time": "2022-01-27T15:14:54.776Z", "user": 1, "content_type": 16, "object_id": "8", "object_repr": "494E4A8300A94AF89E752064073058F3", "action_flag": 3, "change_message": ""}}, {"model": "admin.logentry", "pk": 24, "fields": {"action_time": "2022-01-27T15:14:54.780Z", "user": 1, "content_type": 16, "object_id": "7", "object_repr": "A9583863C73046BC8193E058913B1DAA", "action_flag": 3, "change_message": ""}}, {"model": "admin.logentry", "pk": 25, "fields": {"action_time": "2022-01-27T15:14:54.785Z", "user": 1, "content_type": 16, "object_id": "6", "object_repr": "2D65BBA75A484F8D9637EABA13D241F1", "action_flag": 3, "change_message": ""}}, {"model": "admin.logentry", "pk": 26, "fields": {"action_time": "2022-01-27T15:14:54.790Z", "user": 1, "content_type": 16, "object_id": "5", "object_repr": "28073A578E694EE1B21E111A19862622", "action_flag": 3, "change_message": ""}}, {"model": "admin.logentry", "pk": 27, "fields": {"action_time": "2022-01-27T15:14:54.795Z", "user": 1, "content_type": 16, "object_id": "4", "object_repr": "9C874424F51E428EBAC454C16C4D234F", "action_flag": 3, "change_message": ""}}, {"model": "admin.logentry", "pk": 28, "fields": {"action_time": "2022-01-27T15:14:54.799Z", "user": 1, "content_type": 16, "object_id": "3", "object_repr": "145F44AAF35B4503965DE4BB15349821", "action_flag": 3, "change_message": ""}}, {"model": "admin.logentry", "pk": 29, "fields": {"action_time": "2022-01-27T15:14:54.804Z", "user": 1, "content_type": 16, "object_id": "2", "object_repr": "E23FFA457C374278933886E601926A7E", "action_flag": 3, "change_message": ""}}, {"model": "admin.logentry", "pk": 30, "fields": {"action_time": "2022-01-27T17:08:27.524Z", "user": 1, "content_type": 16, "object_id": "36", "object_repr": "E45E00F0C78142E98751287435630C78", "action_flag": 3, "change_message": ""}}, {"model": "admin.logentry", "pk": 31, "fields": {"action_time": "2022-01-27T17:08:27.532Z", "user": 1, "content_type": 16, "object_id": "35", "object_repr": "4945A3EC66514E22824DA7F237507B9C", "action_flag": 3, "change_message": ""}}, {"model": "admin.logentry", "pk": 32, "fields": {"action_time": "2022-01-27T17:08:27.538Z", "user": 1, "content_type": 16, "object_id": "34", "object_repr": "4DD7D429A34B4344B6AAB5440FCE5C39", "action_flag": 3, "change_message": ""}}, {"model": "admin.logentry", "pk": 33, "fields": {"action_time": "2022-01-27T17:08:27.543Z", "user": 1, "content_type": 16, "object_id": "33", "object_repr": "FEFC6468AC374E2DBDFEB1CB84171AA0", "action_flag": 3, "change_message": ""}}, {"model": "admin.logentry", "pk": 34, "fields": {"action_time": "2022-01-27T17:08:27.549Z", "user": 1, "content_type": 16, "object_id": "32", "object_repr": "163E3247B67D42CDAC250950018D283A", "action_flag": 3, "change_message": ""}}, {"model": "admin.logentry", "pk": 35, "fields": {"action_time": "2022-01-27T17:08:27.554Z", "user": 1, "content_type": 16, "object_id": "31", "object_repr": "D99229BBF2044482922D4AF1D76C1B4B", "action_flag": 3, "change_message": ""}}, {"model": "admin.logentry", "pk": 36, "fields": {"action_time": "2022-01-27T17:08:27.560Z", "user": 1, "content_type": 16, "object_id": "30", "object_repr": "813F3A4C82624564B77EE71C9A8DE430", "action_flag": 3, "change_message": ""}}, {"model": "admin.logentry", "pk": 37, "fields": {"action_time": "2022-01-27T17:08:27.565Z", "user": 1, "content_type": 16, "object_id": "29", "object_repr": "7AFEF23BEE4C4DB6BB38E2DA04942D27", "action_flag": 3, "change_message": ""}}, {"model": "admin.logentry", "pk": 38, "fields": {"action_time": "2022-01-27T17:08:27.570Z", "user": 1, "content_type": 16, "object_id": "28", "object_repr": "E8DC878FE0FE49DF9967F8BD825A0B37", "action_flag": 3, "change_message": ""}}, {"model": "admin.logentry", "pk": 39, "fields": {"action_time": "2022-01-27T17:08:27.576Z", "user": 1, "content_type": 16, "object_id": "27", "object_repr": "7F677C783CA34376B4213C6A348C50F6", "action_flag": 3, "change_message": ""}}, {"model": "admin.logentry", "pk": 40, "fields": {"action_time": "2022-01-27T17:08:27.582Z", "user": 1, "content_type": 16, "object_id": "26", "object_repr": "7048EE0E495E4DDF8C7B80B5F3909C45", "action_flag": 3, "change_message": ""}}, {"model": "admin.logentry", "pk": 41, "fields": {"action_time": "2022-01-27T18:28:38.561Z", "user": 1, "content_type": 16, "object_id": "38", "object_repr": "6B27740C255746C382B0586E00C3C656", "action_flag": 3, "change_message": ""}}, {"model": "admin.logentry", "pk": 42, "fields": {"action_time": "2022-01-27T18:28:38.566Z", "user": 1, "content_type": 16, "object_id": "37", "object_repr": "669B7F5E361B49449C9E8924D53C028B", "action_flag": 3, "change_message": ""}}, {"model": "admin.logentry", "pk": 43, "fields": {"action_time": "2022-01-27T18:36:04.885Z", "user": 1, "content_type": 16, "object_id": "40", "object_repr": "6A324C12AF8D46A9A019BCB8AD1E2088", "action_flag": 3, "change_message": ""}}, {"model": "admin.logentry", "pk": 44, "fields": {"action_time": "2022-01-27T18:36:04.891Z", "user": 1, "content_type": 16, "object_id": "39", "object_repr": "88E6276DFEB14F918FCBD601643E8FB4", "action_flag": 3, "change_message": ""}}, {"model": "admin.logentry", "pk": 45, "fields": {"action_time": "2022-01-27T18:53:47.310Z", "user": 1, "content_type": 16, "object_id": "44", "object_repr": "8D5C69D3C206491BB71AE3221AC137DC", "action_flag": 3, "change_message": ""}}, {"model": "admin.logentry", "pk": 46, "fields": {"action_time": "2022-01-27T18:53:47.315Z", "user": 1, "content_type": 16, "object_id": "43", "object_repr": "69E57D0BD4524DA493F8C9E5B3BD5363", "action_flag": 3, "change_message": ""}}, {"model": "admin.logentry", "pk": 47, "fields": {"action_time": "2022-01-27T18:53:47.319Z", "user": 1, "content_type": 16, "object_id": "42", "object_repr": "10808E775DF94E46A2939BCC176F942C", "action_flag": 3, "change_message": ""}}, {"model": "admin.logentry", "pk": 48, "fields": {"action_time": "2022-01-27T18:53:47.323Z", "user": 1, "content_type": 16, "object_id": "41", "object_repr": "AE669F9E8DAE4E7FA478F1CD70420D94", "action_flag": 3, "change_message": ""}}, {"model": "admin.logentry", "pk": 49, "fields": {"action_time": "2022-01-27T21:30:16.137Z", "user": 1, "content_type": 14, "object_id": "146", "object_repr": "blah2", "action_flag": 3, "change_message": ""}}, {"model": "admin.logentry", "pk": 50, "fields": {"action_time": "2022-01-27T21:30:16.143Z", "user": 1, "content_type": 14, "object_id": "145", "object_repr": "blah", "action_flag": 3, "change_message": ""}}, {"model": "admin.logentry", "pk": 51, "fields": {"action_time": "2022-01-27T22:59:10.173Z", "user": 1, "content_type": 16, "object_id": "47", "object_repr": "1820BF4660C14B1CA82DAD21EE4DFDD8", "action_flag": 3, "change_message": ""}}, {"model": "admin.logentry", "pk": 52, "fields": {"action_time": "2022-01-27T22:59:10.177Z", "user": 1, "content_type": 16, "object_id": "46", "object_repr": "6B5396F7E5A3412BA2B5A373DA42AB4E", "action_flag": 3, "change_message": ""}}, {"model": "admin.logentry", "pk": 53, "fields": {"action_time": "2022-01-27T22:59:10.181Z", "user": 1, "content_type": 16, "object_id": "45", "object_repr": "66B71A9F52F248BE822FBF355A488C80", "action_flag": 3, "change_message": ""}}, {"model": "admin.logentry", "pk": 54, "fields": {"action_time": "2022-01-30T03:20:16.361Z", "user": 1, "content_type": 18, "object_id": "1", "object_repr": "Builders’ merchant helps combat climate change with school learning sessions around COP26", "action_flag": 1, "change_message": "[{\"added\": {}}]"}}, {"model": "admin.logentry", "pk": 55, "fields": {"action_time": "2022-01-30T03:22:02.679Z", "user": 1, "content_type": 18, "object_id": "2", "object_repr": "Welsh builders’ merchants help to restock foodbank", "action_flag": 1, "change_message": "[{\"added\": {}}]"}}, {"model": "admin.logentry", "pk": 56, "fields": {"action_time": "2022-01-30T15:08:22.917Z", "user": 1, "content_type": 20, "object_id": "1", "object_repr": "Builders’ merchant helps combat climate change with school learning sessions around COP26", "action_flag": 1, "change_message": "[{\"added\": {}}]"}}, {"model": "admin.logentry", "pk": 57, "fields": {"action_time": "2022-01-30T15:10:05.582Z", "user": 1, "content_type": 20, "object_id": "2", "object_repr": "Welsh builders’ merchants help to restock foodbank", "action_flag": 1, "change_message": "[{\"added\": {}}]"}}, {"model": "auth.user", "pk": 1, "fields": {"password": "pbkdf2_sha256$260000$vTxmpMe5N6tFNA5E7JJEjq$swuY/bveyNdLwchVaem/vITb640QtmdgXzY/Axd6PLw=", "last_login": "2022-01-30T20:50:57.164Z", "is_superuser": true, "username": "Admin", "first_name": "", "last_name": "", "email": "admin@robertprice.com", "is_staff": true, "is_active": true, "date_joined": "2022-01-16T22:07:16.231Z", "groups": [], "user_permissions": []}}, {"model": "auth.user", "pk": 2, "fields": {"password": "pbkdf2_sha256$260000$XN5ushi8blioc00TzcEIiG$jWIAIOgHMrOwLg3cuPz+/BrVpN9JbxqgK9z6+jaiLZU=", "last_login": "2022-01-28T13:25:57.192Z", "is_superuser": false, "username": "testertester", "first_name": "", "last_name": "", "email": "test@test.com", "is_staff": false, "is_active": true, "date_joined": "2022-01-27T11:40:06.909Z", "groups": [], "user_permissions": []}}, {"model": "sessions.session", "pk": "13h46zcz8p8iq52bfid3dz032r1li39l", "fields": {"session_data": ".eJxVjEEOgjAQRe8ya9LQ1tKWpXvPQKbMVKqGGgqJhnB3JWGh2__efyt0uMxDtxSeukTQgoTqdwvY33ncAd1wvGbR53GeUhC7Ig5axCUTP86H-xcYsAzft_FB2qi8do4aJrLq5FSjPbM3HBHJByRF0TXBMddWRdNri8Zqh8bZeo8WLiXlsePXM01vaOsKAl6hXUHWFlq5bR-zP0N-:1nE0mw:avbKeeJUVAjKNyEjuu1BQig9hOmv7HE8qV9uAB43jS4", "expire_date": "2022-02-13T03:22:02.758Z"}}, {"model": "sessions.session", "pk": "2cu07judb5qk686alpgk1psov9zrbri6", "fields": {"session_data": ".eJxVjEEOwiAQRe_C2pDBoVBcuu8ZyACDVA0kpV0Z765NutDtf-_9l_C0rcVvnRc_J3ERSpx-t0DxwXUH6U711mRsdV3mIHdFHrTLqSV-Xg_376BQL9_aOUarRlQIgIEyRtIuKFQ2akc8RDCQDWYzMMCZQIMxiQNiMiNmq8X7A7-tNv8:1nAdZ6:MV9-pQbdXuTpeT6NtAUo_NssfKGqSpRWtGiWbW26dzo", "expire_date": "2022-02-03T19:57:48.561Z"}}, {"model": "sessions.session", "pk": "3bs1avgc3mht74qsxbkeifmht7wangvr", "fields": {"session_data": ".eJxVjr0OgzAMhN_FM4oSDAkwdu8zRE5iftoCUkOHFvHuTSQWprPvPp-8g6MBuh0UQqdMkVTlddp4jtZ9bZx-nA0Uek7EcRRgyjQUUCcpk-hsF2Dps432E_ltpwAdKLh4jvyTlxyEBy3DKvy6bO_JiYyIM43ivgZ-3U72UjBSHNN12zIa1aBCKdFRj56q1qWvja9a4tpLLXuNva5ZypJkJbUO7BCDbrA3FRx_G_JJuA:1nCNne:fo0N8cV2EB8W03ZIIBdOxYkN-HPQaw9w9XbDpa1gteU", "expire_date": "2022-02-08T15:32:02.382Z"}}, {"model": "sessions.session", "pk": "4vvqpfc78wua5ceat5s2175hljgaaxf8", "fields": {"session_data": ".eJxVjEEOwiAQRe_C2pAWpECX7j0DGTqDRQ2YTms0xrtrk266_e_99xEMTwq5pCr6BHemgwiwzGNYmKaQUfSiFbstwnCjsgK8QrlUOdQyTznKVZEbZXmuSPfT5u4CI_D4fxsfW5uU185hR4hWHZ3qtCfyhhIA-gioMLkuOqLGqmQGbcFY7cA426xRJuZcS6DXI09v0TffH6qvRdo:1nEHA1:DEI0IKninZufBlixgpyWt5FDTuUa7nWsJr0Qf_grJNg", "expire_date": "2022-02-13T20:50:57.233Z"}}, {"model": "sessions.session", "pk": "6uv68dhsgb4haxgu4qb4bhd5ygf5vcto", "fields": {"session_data": "eyJiYWciOnsiMTMyIjp7Iml0ZW1zX2J5X3NpemUiOnsiNC44bSI6OCwiMy42bSI6Mn19LCIxMTYiOjEwMDB9fQ:1nC2vY:mTSU8TYNuT2xMWD_ju8agnxylOS2-uNQXeLbOMkJCFA", "expire_date": "2022-02-07T17:14:48.091Z"}}, {"model": "sessions.session", "pk": "796k49fhm7d0ru07fra87b3dj55hp7a2", "fields": {"session_data": ".eJxVjEEOwiAQRe_C2pDBobS4dO8ZyACDRQ2Y0iYa4921SRe6_e_99xKOlnl0S-PJ5SgOQond7-YpXLmsIF6onKsMtcxT9nJV5EabPNXIt-Pm_gVGauP3bS1jrwZUCICeEgbS1itUfdCWuAtgIBlMpmOAPYEGYyJ7xGgGTL1eo41by7U4ftzz9BQHeH8AVe8-PA:1n9Ea2:aTl2_q_ufO7ziyf2bGI3W2mWNICtTBSzUWjb0ALK8Gg", "expire_date": "2022-01-30T23:04:58.613Z"}}, {"model": "sessions.session", "pk": "eldut473if77eg7qci3p8hqicj5jk1jo", "fields": {"session_data": ".eJxVj8tugzAQRX_FmrWFbAwmsOy-qyxDZPkxBlKKI4yjRlH-vUZi0W7Pvedq5gVKp21UKeKqJgcdcKB_mdH2C5c9cDe9DKGwYdnWyRR7pTjSWHwGh_PH0f03MOo4ZrttUTT8JLhgTBjthdVVa7jgja1ajbVlknkpvKyRsVKziknp0Ajh5En4ptpHI8Y4hUXhz31an9AxClE_UE2LD9Bta0IKRg_QvYBXNXT8naXvLOkBY77hculBqVvMEwftgRJGSVlT0sM5WZuxT_P8JPkd3NCRktzX4JLdYtHD9QrvX6KkY8k:1nDCLQ:OuskRIDzZryB1IqI-QqyOm0pz_PHZOyrT2uegPlj7Ww", "expire_date": "2022-02-10T21:30:16.155Z"}}, {"model": "sessions.session", "pk": "h60bgpy8ljte1eehbncepgkpxxgejgh9", "fields": {"session_data": ".eJyrVkpKTFeyqlYyNDRTsjLUUTI0NgJxM0tSc4vjkyrjizOrUkECpnomuWAFxnpmIEYtEAAAEt4Rlg:1nC2P7:6Tx-KHPd_G5wfIsNb7HspC-AFbxrcrIxnq1B8eK7FiY", "expire_date": "2022-02-07T16:41:17.615Z"}}, {"model": "sessions.session", "pk": "h94bk508kkyepyp3xjckhjd27l4rq2f1", "fields": {"session_data": "eyJiYWciOnsiMTMiOjEwMCwiMjUiOjEsIjEzMSI6NSwiMTMyIjoxfX0:1nC0Ns:srdHfA4dyKPRvj4s31SuHosWXWgzdCl8mXE485jTCNA", "expire_date": "2022-02-07T14:31:52.261Z"}}, {"model": "sessions.session", "pk": "hgs6uqdpzra0rcdfsnrkt88b1jsmg1ai", "fields": {"session_data": "eyJiYWciOnsiMTMyIjp7Iml0ZW1zX2J5X3NpemUiOnsiNC44bSI6MTB9fX19:1nC2V9:GcSmQG_rnCAWkSqr1GRohFR7xFoOauJuK4Yak6OnIm4", "expire_date": "2022-02-07T16:47:31.836Z"}}, {"model": "sessions.session", "pk": "nt6uf99nov1qlrjwuuwy8wclv6r400st", "fields": {"session_data": "e30:1nD2qi:cdQY_mSPqX4hdcXif-mJywqsmThn-MlS1UxsIiwEeJU", "expire_date": "2022-02-10T11:21:56.300Z"}}, {"model": "sessions.session", "pk": "r4evoxv6odfynbi4os7h4z3kxmrsicco", "fields": {"session_data": ".eJxVjEEOwiAQRe_C2pAWpAxduvcMZOgMFjXQlDbRGO-uTbrQ7X_vv5fwuC6jXyvPPpHoRSsOv1vA4cZ5A3TFfClyKHmZU5CbInda5bkQ30-7-xcYsY7ft3GhtVE5DUAdE1l1BNVpx-wMR0RyAUlRhC4Ac2NVNIO2aKwGNGCbLVq51lSy58eU5qfom_cHnXk_aw:1nDaBQ:DkSrJmetLGjLentt9xKsygDoKICb_h30-oP6WhXQb8Y", "expire_date": "2022-02-11T22:57:32.778Z"}}, {"model": "sites.site", "pk": 1, "fields": {"domain": "robertprice-bm.com", "name": "Robert Price Builders' Merchants"}}, {"model": "account.emailaddress", "pk": 1, "fields": {"user": 1, "email": "admin@robertprice.com", "verified": true, "primary": true}}, {"model": "account.emailaddress", "pk": 2, "fields": {"user": 2, "email": "test@test.com", "verified": true, "primary": true}}, {"model": "products.category", "pk": 1, "fields": {"name": "brass-products", "friendly_name": "Brass Products"}}, {"model": "products.category", "pk": 2, "fields": {"name": "bricks_blocks", "friendly_name": "Bricks & Blocks"}}, {"model": "products.category", "pk": 3, "fields": {"name": "building_equipment", "friendly_name": "Building Equipment"}}, {"model": "products.category", "pk": 4, "fields": {"name": "cement_plaster", "friendly_name": "Cement & Plaster"}}, {"model": "products.category", "pk": 5, "fields": {"name": "copper-pipes", "friendly_name": "Copper Pipes & Fittings"}}, {"model": "products.category", "pk": 6, "fields": {"name": "guttering", "friendly_name": "Guttering"}}, {"model": "products.category", "pk": 7, "fields": {"name": "hand_tools", "friendly_name": "Hand Tools"}}, {"model": "products.category", "pk": 8, "fields": {"name": "lead_products", "friendly_name": "Lead Products"}}, {"model": "products.category", "pk": 9, "fields": {"name": "plastic-pipes", "friendly_name": "Plastic Pipes & Fittings"}}, {"model": "products.category", "pk": 10, "fields": {"name": "power_tools", "friendly_name": "Power Tools"}}, {"model": "products.category", "pk": 11, "fields": {"name": "prepared_timber", "friendly_name": "Prepared Timber"}}, {"model": "products.category", "pk": 12, "fields": {"name": "sand_aggregates", "friendly_name": "Sand & Aggregates"}}, {"model": "products.category", "pk": 13, "fields": {"name": "sawn_timber", "friendly_name": "Sawn Timber"}}, {"model": "products.category", "pk": 14, "fields": {"name": "sheet_materials", "friendly_name": "Sheet Materials"}}, {"model": "products.category", "pk": 15, "fields": {"name": "slates_tiles", "friendly_name": "Slates & Tiles"}}, {"model": "products.product", "pk": 1, "fields": {"category": 1, "sku": "185582", "name": "Ball Valve 1/2in", "description": "Westco half inch ball valve.", "has_sizes": false, "price": "7.34", "rating": "5.00", "image_url": "https://ebiz.uk/api/productImage?siteID=robertprice&fallBacks=%5B%22catthumb%5FA3837867%2D5720%2D4FFC%2DA9C88C3E8FDC99EE%22%2C%22catthumb%5FC26A5923%2DA9EB%2D4378%2DB1A8C49347BE7516%22%2C%22catthumb%5FA777489E%2DC53A%2D4E3B%2DAA387584F01BDB7C%22%5D&merchantCode=185582&size=medium&imageplaceholder=http://ebiz.uk/includes/images/sites/9/holdingimage.jpg", "image": "ball-valve.jpg"}}, {"model": "products.product", "pk": 2, "fields": {"category": 1, "sku": "205265", "name": "Hose Union Bib Tap - 1/2in", "description": "DZR Bibcock with Union & Double Check Valve Lockshield", "has_sizes": false, "price": "7.99", "rating": "5.00", "image_url": "https://ebiz.uk/api/productImage?siteID=robertprice&fallBacks=%5B%22catthumb%5FA3837867%2D5720%2D4FFC%2DA9C88C3E8FDC99EE%22%2C%22catthumb%5FC26A5923%2DA9EB%2D4378%2DB1A8C49347BE7516%22%2C%22catthumb%5FA777489E%2DC53A%2D4E3B%2DAA387584F01BDB7C%22%5D&merchantCode=205265&size=medium&imageplaceholder=http://ebiz.uk/includes/images/sites/9/holdingimage.jpg", "image": "bib-tap.jpg"}}, {"model": "products.product", "pk": 3, "fields": {"category": 1, "sku": "8142402", "name": "Inline Strainer 15mm", "description": "Westco Brass Y Filter", "has_sizes": false, "price": "5.98", "rating": "5.00", "image_url": "https://ebiz.uk/api/productImage?siteID=robertprice&fallBacks=%5B%22catthumb%5FA3837867%2D5720%2D4FFC%2DA9C88C3E8FDC99EE%22%2C%22catthumb%5FC26A5923%2DA9EB%2D4378%2DB1A8C49347BE7516%22%2C%22catthumb%5FA777489E%2DC53A%2D4E3B%2DAA387584F01BDB7C%22%5D&merchantCode=8142402&size=medium&imageplaceholder=http://ebiz.uk/includes/images/sites/9/holdingimage.jpg", "image": "inline-strainer.jpg"}}, {"model": "products.product", "pk": 4, "fields": {"category": 1, "sku": "303100", "name": "Ballofix Isolating Valve 15mm", "description": "Westco C x C Isolating Valve Light Pattern", "has_sizes": false, "price": "5.89", "rating": "5.00", "image_url": "https://ebiz.uk/api/productImage?siteID=robertprice&fallBacks=%5B%22catthumb%5FA3837867%2D5720%2D4FFC%2DA9C88C3E8FDC99EE%22%2C%22catthumb%5FC26A5923%2DA9EB%2D4378%2DB1A8C49347BE7516%22%2C%22catthumb%5FA777489E%2DC53A%2D4E3B%2DAA387584F01BDB7C%22%5D&merchantCode=303100&size=medium&imageplaceholder=http://ebiz.uk/includes/images/sites/9/holdingimage.jpg", "image": "isolating-valve.jpg"}}, {"model": "products.product", "pk": 5, "fields": {"category": 1, "sku": "2100553", "name": "Isolating Valve 22mm", "description": "Full Bore Isolating Valve", "has_sizes": false, "price": "3.34", "rating": "5.00", "image_url": "https://ebiz.uk/api/productImage?siteID=robertprice&fallBacks=%5B%22catthumb%5FA3837867%2D5720%2D4FFC%2DA9C88C3E8FDC99EE%22%2C%22catthumb%5FC26A5923%2DA9EB%2D4378%2DB1A8C49347BE7516%22%2C%22catthumb%5FA777489E%2DC53A%2D4E3B%2DAA387584F01BDB7C%22%5D&merchantCode=2100553&size=medium&imageplaceholder=http://ebiz.uk/includes/images/sites/9/holdingimage.jpg", "image": "isolating-valve-chrome.jpg"}}, {"model": "products.product", "pk": 6, "fields": {"category": 1, "sku": "342513", "name": "Lever Valve for Water 15mm", "description": "Westco Lever Ballvalve C x C 15mm", "has_sizes": false, "price": "4.97", "rating": "5.00", "image_url": "https://ebiz.uk/api/productImage?siteID=robertprice&fallBacks=%5B%22catthumb%5FA3837867%2D5720%2D4FFC%2DA9C88C3E8FDC99EE%22%2C%22catthumb%5FC26A5923%2DA9EB%2D4378%2DB1A8C49347BE7516%22%2C%22catthumb%5FA777489E%2DC53A%2D4E3B%2DAA387584F01BDB7C%22%5D&merchantCode=342513&size=medium&imageplaceholder=http://ebiz.uk/includes/images/sites/9/holdingimage.jpg", "image": "lever-valve.jpg"}}, {"model": "products.product", "pk": 7, "fields": {"category": 1, "sku": "0007618X", "name": "M.T. Cock / Plug Screw", "description": "Mt Cock Type A Capillary Brass", "has_sizes": false, "price": "6.61", "rating": "5.00", "image_url": "https://ebiz.uk/api/productImage?siteID=robertprice&fallBacks=%5B%22catthumb%5FA3837867%2D5720%2D4FFC%2DA9C88C3E8FDC99EE%22%2C%22catthumb%5FC26A5923%2DA9EB%2D4378%2DB1A8C49347BE7516%22%2C%22catthumb%5FA777489E%2DC53A%2D4E3B%2DAA387584F01BDB7C%22%5D&aspect=5:4&crop=true&merchantCode=0007618X&size=medium&imageplaceholder=http://ebiz.uk/includes/images/sites/9/holdingimage.jpg", "image": "plug-screw.jpg"}}, {"model": "products.product", "pk": 8, "fields": {"category": 1, "sku": "215600", "name": "Appl Tap Ballofix C/P Angle 3/4in", "description": "Angle Washing Machine Tap", "has_sizes": false, "price": "2.45", "rating": "5.00", "image_url": "https://ebiz.uk/api/productImage?siteID=robertprice&fallBacks=%5B%22catthumb%5FA3837867%2D5720%2D4FFC%2DA9C88C3E8FDC99EE%22%2C%22catthumb%5FC26A5923%2DA9EB%2D4378%2DB1A8C49347BE7516%22%2C%22catthumb%5FA777489E%2DC53A%2D4E3B%2DAA387584F01BDB7C%22%5D&aspect=5:4&crop=true&merchantCode=215600&size=medium&imageplaceholder=http://ebiz.uk/includes/images/sites/9/holdingimage.jpg", "image": "wm-tap-elbow.jpg"}}, {"model": "products.product", "pk": 9, "fields": {"category": 1, "sku": "66184", "name": "Appl Tap Ballofix C/P Straight 3/4in", "description": "Straight Washing Machine Tap", "has_sizes": false, "price": "1.42", "rating": "5.00", "image_url": "https://ebiz.uk/api/productImage?siteID=robertprice&fallBacks=%5B%22catthumb%5FA3837867%2D5720%2D4FFC%2DA9C88C3E8FDC99EE%22%2C%22catthumb%5FC26A5923%2DA9EB%2D4378%2DB1A8C49347BE7516%22%2C%22catthumb%5FA777489E%2DC53A%2D4E3B%2DAA387584F01BDB7C%22%5D&aspect=5:4&crop=true&merchantCode=66184&size=medium&imageplaceholder=http://ebiz.uk/includes/images/sites/9/holdingimage.jpg", "image": "wm-tap-straight.jpg"}}, {"model": "products.product", "pk": 10, "fields": {"category": 1, "sku": "210889", "name": "Appl Tap Ballofix C/P Tee 3/4in", "description": "Tee Washing Machine Tap", "has_sizes": false, "price": "2.45", "rating": "5.00", "image_url": "https://ebiz.uk/api/productImage?siteID=robertprice&fallBacks=%5B%22catthumb%5FA3837867%2D5720%2D4FFC%2DA9C88C3E8FDC99EE%22%2C%22catthumb%5FC26A5923%2DA9EB%2D4378%2DB1A8C49347BE7516%22%2C%22catthumb%5FA777489E%2DC53A%2D4E3B%2DAA387584F01BDB7C%22%5D&aspect=5:4&crop=true&merchantCode=210889&size=medium&imageplaceholder=http://ebiz.uk/includes/images/sites/9/holdingimage.jpg", "image": "wm-tap-tee.jpg"}}, {"model": "products.product", "pk": 11, "fields": {"category": 2, "sku": "4733873", "name": "Bricks Atherstone Red (495)", "description": "Atherstone Red is part of Ecostock range which reflects the furture demands of manufacturing and the environment Forterra utilisies the very latest ground breaking technology in sustainability and production effieciency, offering advanced colour consistancy, dimensial accuracy and quality.", "has_sizes": false, "price": "681.91", "rating": "5.00", "image_url": "https://ebiz.uk/api/productImage?siteID=robertprice&fallBacks=%5B%22catthumb%5FABC58F23%2D0F1A%2D4926%2DA19F3075BFAFF566%22%2C%22catthumb%5F9073CBC9%2D7F6A%2D4519%2D9DB673DA6B28222F%22%2C%22catthumb%5F25629353%2DB45B%2D492E%2D8AA60A9D346D063F%22%5D&merchantCode=4733873&size=medium&imageplaceholder=http://ebiz.uk/includes/images/sites/9/holdingimage.jpg", "image": "atherstone-red-bricks.jpg"}}, {"model": "products.product", "pk": 12, "fields": {"category": 2, "sku": "8258343", "name": "Bricks Clumber Red (495)", "description": "Part of extended wirecut ranges available from six plants covering the whole of the UK", "has_sizes": false, "price": "547.00", "rating": "5.00", "image_url": "https://ebiz.uk/api/productImage?siteID=robertprice&fallBacks=%5B%22catthumb%5FABC58F23%2D0F1A%2D4926%2DA19F3075BFAFF566%22%2C%22catthumb%5F9073CBC9%2D7F6A%2D4519%2D9DB673DA6B28222F%22%2C%22catthumb%5F25629353%2DB45B%2D492E%2D8AA60A9D346D063F%22%5D&aspect=5:4&crop=true&merchantCode=8258343&size=medium&imageplaceholder=http://ebiz.uk/includes/images/sites/9/holdingimage.jpg", "image": "clumber-red-bricks.jpg"}}, {"model": "products.product", "pk": 13, "fields": {"category": 2, "sku": "89419", "name": "Bricks Concrete Common", "description": "Solid Dense Concrete Common for use in walls, columns and partitions. 22N. Can be used as coursing brick. Able to use above and below DPC. For units intended to be used in external elements.", "has_sizes": false, "price": "0.47", "rating": "5.00", "image_url": "https://ebiz.uk/api/productImage?siteID=robertprice&fallBacks=%5B%22catthumb%5F25C994C8%2D12FC%2D44ED%2DA0BC98BF63E15925%22%2C%22catthumb%5F9073CBC9%2D7F6A%2D4519%2D9DB673DA6B28222F%22%2C%22catthumb%5F25629353%2DB45B%2D492E%2D8AA60A9D346D063F%22%5D&aspect=5:4&crop=true&merchantCode=89419&size=medium&imageplaceholder=http://ebiz.uk/includes/images/sites/9/holdingimage.jpg", "image": "common-bricks.jpg"}}, {"model": "products.product", "pk": 14, "fields": {"category": 2, "sku": "79871", "name": "Bricks Facing LBC Brindle (396)", "description": "Brindle part of the original London Brick Range which goes back over 130 years and has been used in the construction of over 5 million home", "has_sizes": false, "price": "593.20", "rating": "5.00", "image_url": "https://ebiz.uk/api/productImage?siteID=robertprice&fallBacks=%5B%22catthumb%5FABC58F23%2D0F1A%2D4926%2DA19F3075BFAFF566%22%2C%22catthumb%5F9073CBC9%2D7F6A%2D4519%2D9DB673DA6B28222F%22%2C%22catthumb%5F25629353%2DB45B%2D492E%2D8AA60A9D346D063F%22%5D&aspect=5:4&crop=true&merchantCode=79871&size=medium&imageplaceholder=http://ebiz.uk/includes/images/sites/9/holdingimage.jpg", "image": "facing-lbc-brindle.jpg"}}, {"model": "products.product", "pk": 15, "fields": {"category": 2, "sku": "298352", "name": "Bricks Facing LBC Rustics (390)", "description": "Rustic part of the original London Brick Range which goes back over 130 years and has been used in the construction of over 5 million homes", "has_sizes": false, "price": "544.52", "rating": "5.00", "image_url": "https://ebiz.uk/api/productImage?siteID=robertprice&fallBacks=%5B%22catthumb%5FABC58F23%2D0F1A%2D4926%2DA19F3075BFAFF566%22%2C%22catthumb%5F9073CBC9%2D7F6A%2D4519%2D9DB673DA6B28222F%22%2C%22catthumb%5F25629353%2DB45B%2D492E%2D8AA60A9D346D063F%22%5D&aspect=5:4&crop=true&merchantCode=298352&size=medium&imageplaceholder=http://ebiz.uk/includes/images/sites/9/holdingimage.jpg", "image": "facing-lbc-rustics.jpg"}}, {"model": "products.product", "pk": 16, "fields": {"category": 2, "sku": "298700", "name": "Bricks Facing LBC Windsor (390)", "description": "Windsor part of the original London Brick Range which goes back over 130 years and has been used in the construction of over 5 million homes", "has_sizes": false, "price": "483.68", "rating": "5.00", "image_url": "https://ebiz.uk/api/productImage?siteID=robertprice&fallBacks=%5B%22catthumb%5FABC58F23%2D0F1A%2D4926%2DA19F3075BFAFF566%22%2C%22catthumb%5F9073CBC9%2D7F6A%2D4519%2D9DB673DA6B28222F%22%2C%22catthumb%5F25629353%2DB45B%2D492E%2D8AA60A9D346D063F%22%5D&aspect=5:4&crop=true&merchantCode=298700&size=medium&imageplaceholder=http://ebiz.uk/includes/images/sites/9/holdingimage.jpg", "image": "facing-lbc-windsor.jpg"}}, {"model": "products.product", "pk": 17, "fields": {"category": 2, "sku": "109363", "name": "Block Concrete Hollow (40) 450 X 225 X 215mm", "description": "The use of hollow blocks enables services to be concealed within the walling without the need to cut chases.", "has_sizes": false, "price": "3.37", "rating": "5.00", "image_url": "https://ebiz.uk/api/productImage?siteID=robertprice&fallBacks=%5B%22catthumb%5F8DFD1B09%2D05D3%2D42A7%2DA33D12AC16D4964D%22%2C%22catthumb%5F9073CBC9%2D7F6A%2D4519%2D9DB673DA6B28222F%22%2C%22catthumb%5F25629353%2DB45B%2D492E%2D8AA60A9D346D063F%22%5D&merchantCode=109363&size=medium&imageplaceholder=http://ebiz.uk/includes/images/sites/9/holdingimage.jpg", "image": "hollow-con-block.jpg"}}, {"model": "products.product", "pk": 18, "fields": {"category": 2, "sku": "329495", "name": "Bricks Old Trafford Res (520)", "description": "Part of extended wirecut ranges available from six plants covering the whole of the UK", "has_sizes": false, "price": "348.40", "rating": "5.00", "image_url": "https://ebiz.uk/api/productImage?siteID=robertprice&fallBacks=%5B%22catthumb%5FABC58F23%2D0F1A%2D4926%2DA19F3075BFAFF566%22%2C%22catthumb%5F9073CBC9%2D7F6A%2D4519%2D9DB673DA6B28222F%22%2C%22catthumb%5F25629353%2DB45B%2D492E%2D8AA60A9D346D063F%22%5D&aspect=5:4&crop=true&merchantCode=329495&size=medium&imageplaceholder=http://ebiz.uk/includes/images/sites/9/holdingimage.jpg", "image": "old-trafford-reds.jpg"}}, {"model": "products.product", "pk": 19, "fields": {"category": 2, "sku": "217514", "name": "Block Pumice 450 X 225 X 100mm", "description": "Pumice continues to harden year after year without any degradation.They are: lightweight easy to lay, chase and cut. It offers an excellent plastering key for plastering, rendering and joining fixings.", "has_sizes": false, "price": "3.04", "rating": "5.00", "image_url": "https://ebiz.uk/api/productImage?siteID=robertprice&fallBacks=%5B%22catthumb%5F8DFD1B09%2D05D3%2D42A7%2DA33D12AC16D4964D%22%2C%22catthumb%5F9073CBC9%2D7F6A%2D4519%2D9DB673DA6B28222F%22%2C%22catthumb%5F25629353%2DB45B%2D492E%2D8AA60A9D346D063F%22%5D&merchantCode=217514&size=medium&imageplaceholder=http://ebiz.uk/includes/images/sites/9/holdingimage.jpg", "image": "pumice-block.jpg"}}, {"model": "products.product", "pk": 20, "fields": {"category": 2, "sku": "262765", "name": "Block Concrete Rockface 450 X 150 X 100mm", "description": "Can be used in many applications such as feature walls, garages, patio surrounds and steps.", "has_sizes": false, "price": "2.25", "rating": "5.00", "image_url": "https://ebiz.uk/api/productImage?siteID=robertprice&fallBacks=%5B%22catthumb%5F8DFD1B09%2D05D3%2D42A7%2DA33D12AC16D4964D%22%2C%22catthumb%5F9073CBC9%2D7F6A%2D4519%2D9DB673DA6B28222F%22%2C%22catthumb%5F25629353%2DB45B%2D492E%2D8AA60A9D346D063F%22%5D&merchantCode=262765&size=medium&imageplaceholder=http://ebiz.uk/includes/images/sites/9/holdingimage.jpg", "image": "rockface-con-block.jpg"}}, {"model": "products.product", "pk": 21, "fields": {"category": 2, "sku": "9634363", "name": "Bricks Smooth Blue (448)", "description": "Part of extended wirecut ranges available from six plants covering the whole of the UK", "has_sizes": false, "price": "982.04", "rating": "5.00", "image_url": "https://ebiz.uk/api/productImage?siteID=robertprice&fallBacks=%5B%22catthumb%5FABC58F23%2D0F1A%2D4926%2DA19F3075BFAFF566%22%2C%22catthumb%5F9073CBC9%2D7F6A%2D4519%2D9DB673DA6B28222F%22%2C%22catthumb%5F25629353%2DB45B%2D492E%2D8AA60A9D346D063F%22%5D&aspect=5:4&crop=true&merchantCode=9634363&size=medium&imageplaceholder=http://ebiz.uk/includes/images/sites/9/holdingimage.jpg", "image": "smooth-blue.jpg"}}, {"model": "products.product", "pk": 22, "fields": {"category": 2, "sku": "280682", "name": "Concrete Block Solid (72) 450 X 225 X 100mm", "description": "The blocks are manufactured in solid form and, being robust and of a high density, they offer an excellent key for plastering.", "has_sizes": false, "price": "2.46", "rating": "5.00", "image_url": "https://ebiz.uk/api/productImage?siteID=robertprice&fallBacks=%5B%22catthumb%5F8DFD1B09%2D05D3%2D42A7%2DA33D12AC16D4964D%22%2C%22catthumb%5F9073CBC9%2D7F6A%2D4519%2D9DB673DA6B28222F%22%2C%22catthumb%5F25629353%2DB45B%2D492E%2D8AA60A9D346D063F%22%5D&merchantCode=280682&size=medium&imageplaceholder=http://ebiz.uk/includes/images/sites/9/holdingimage.jpg", "image": "solid-con-block-4in.jpg"}}, {"model": "products.product", "pk": 23, "fields": {"category": 2, "sku": "135801", "name": "Concrete Block Solid 450 X 225 X 140mm", "description": "The blocks are manufactured in solid form and, being robust and of a high density, they offer an excellent key for plastering.", "has_sizes": false, "price": "3.61", "rating": "5.00", "image_url": "https://ebiz.uk/api/productImage?siteID=robertprice&fallBacks=%5B%22catthumb%5F8DFD1B09%2D05D3%2D42A7%2DA33D12AC16D4964D%22%2C%22catthumb%5F9073CBC9%2D7F6A%2D4519%2D9DB673DA6B28222F%22%2C%22catthumb%5F25629353%2DB45B%2D492E%2D8AA60A9D346D063F%22%5D&merchantCode=135801&size=medium&imageplaceholder=http://ebiz.uk/includes/images/sites/9/holdingimage.jpg", "image": "solid-con-block-6in.jpg"}}, {"model": "products.product", "pk": 24, "fields": {"category": 3, "sku": "8717641", "name": "Step Ladder Domestic - 4 tread.", "description": "Ideal for light trade use, with a slim design and continuous handrail positioned extra high for ease and comfort in use.", "has_sizes": false, "price": "126.63", "rating": "5.00", "image_url": "https://ebiz.uk/api/productImage?siteID=robertprice&fallBacks=%5B%22catthumb%5FB819F6C3%2DE526%2D44FC%2DA5B713E04720B92A%22%2C%22catthumb%5FAAB64B78%2D03F2%2D46A2%2DB84C5C35232F1076%22%2C%22catthumb%5F6CC3687E%2D9502%2D4B18%2D87C6DCD68815945E%22%5D&merchantCode=8717641&size=medium&imageplaceholder=http://ebiz.uk/includes/images/sites/9/holdingimage.jpg", "image": "step-ladder.jpg"}}, {"model": "products.product", "pk": 25, "fields": {"category": 3, "sku": "7105888", "name": "Telescopic Ladder 3.2m - Xtend+Climb", "description": "Xtend+Climb® Plus Series has been developed specifically for the professional contractor or surveyor. The ergonomic design means you can quickly and easily adjust the Xtend+Climb® rung by rung, to exactly the height you need. The tubular section is manufactured from aerospace aluminium with heavy-duty nylon couplings and secure lock tabs that fit your thumbs better for smooth and responsive adjustment.", "has_sizes": false, "price": "199.99", "rating": "5.00", "image_url": "https://ebiz.uk/api/productImage?siteID=robertprice&fallBacks=%5B%22catthumb%5FB819F6C3%2DE526%2D44FC%2DA5B713E04720B92A%22%2C%22catthumb%5FAAB64B78%2D03F2%2D46A2%2DB84C5C35232F1076%22%2C%22catthumb%5F6CC3687E%2D9502%2D4B18%2D87C6DCD68815945E%22%5D&merchantCode=7105888&size=medium&imageplaceholder=http://ebiz.uk/includes/images/sites/9/holdingimage.jpg", "image": "tele-ladder.jpg"}}, {"model": "products.product", "pk": 26, "fields": {"category": 3, "sku": "247642", "name": "Tresle Builders No. 2", "description": "Adjustable steel trestles", "has_sizes": false, "price": "31.20", "rating": "5.00", "image_url": "https://ebiz.uk/api/productImage?siteID=robertprice&fallBacks=%5B%22catthumb%5FB819F6C3%2DE526%2D44FC%2DA5B713E04720B92A%22%2C%22catthumb%5FAAB64B78%2D03F2%2D46A2%2DB84C5C35232F1076%22%2C%22catthumb%5F6CC3687E%2D9502%2D4B18%2D87C6DCD68815945E%22%5D&aspect=5:4&crop=true&merchantCode=247642&size=medium&imageplaceholder=http://ebiz.uk/includes/images/sites/9/holdingimage.jpg", "image": "trestle.jpg"}}, {"model": "products.product", "pk": 27, "fields": {"category": 3, "sku": "9532945", "name": "Wheelbarrow Green 90L", "description": "Wheelbarrow Green 90L", "has_sizes": false, "price": "74.60", "rating": "5.00", "image_url": "https://ebiz.uk/api/productImage?merchantCode=6A5CA521-0166-4DA7-90E4C6817690E355&size=200&crop=true&imageplaceholder=http://www.robert-price.co.uk/includes/images/sites/9/holdingimage.jpg", "image": "wheelbarrow.jpg"}}, {"model": "products.product", "pk": 28, "fields": {"category": 3, "sku": "7615076", "name": "Work Platform 800mm", "description": "Lightweight but very sturdy aluminium folding work platform.", "has_sizes": false, "price": "61.60", "rating": "5.00", "image_url": "https://ebiz.uk/api/productImage?siteID=robertprice&fallBacks=%5B%22catthumb%5FB819F6C3%2DE526%2D44FC%2DA5B713E04720B92A%22%2C%22catthumb%5FAAB64B78%2D03F2%2D46A2%2DB84C5C35232F1076%22%2C%22catthumb%5F6CC3687E%2D9502%2D4B18%2D87C6DCD68815945E%22%5D&aspect=5:4&crop=true&merchantCode=7615076&size=medium&imageplaceholder=http://ebiz.uk/includes/images/sites/9/holdingimage.jpg", "image": "work-platform.jpg"}}, {"model": "products.product", "pk": 29, "fields": {"category": 4, "sku": "39721", "name": "Plaster Thistle Board BPL Bag 25kg", "description": "A finishing coat plaster for skimming over low to medium suction backgrounds such as plasterboard", "has_sizes": false, "price": "7.25", "rating": "5.00", "image_url": "https://ebiz.uk/api/productImage?siteID=robertprice&fallBacks=%5B%22catthumb%5F047BEE89%2DD4BD%2D4DA0%2D81542875D784F36D%22%2C%22catthumb%5FD358AF42%2DFC08%2D4E89%2DADBA5E09C36F9C6D%22%2C%22catthumb%5F25629353%2DB45B%2D492E%2D8AA60A9D346D063F%22%5D&aspect=5:4&crop=true&merchantCode=39721&size=medium&imageplaceholder=http://ebiz.uk/includes/images/sites/9/holdingimage.jpg", "image": "board-finish.jpg"}}, {"model": "products.product", "pk": 30, "fields": {"category": 4, "sku": "0020434X", "name": "Plaster Thistle Bonding Bag 25kg", "description": "Undercoat plaster for smooth or low suction backgrounds with little mechanical key. Ideal for use with Thistle Multi-finish", "has_sizes": false, "price": "11.47", "rating": "5.00", "image_url": "https://ebiz.uk/api/productImage?siteID=robertprice&fallBacks=%5B%22catthumb%5F047BEE89%2DD4BD%2D4DA0%2D81542875D784F36D%22%2C%22catthumb%5FD358AF42%2DFC08%2D4E89%2DADBA5E09C36F9C6D%22%2C%22catthumb%5F25629353%2DB45B%2D492E%2D8AA60A9D346D063F%22%5D&aspect=5:4&crop=true&merchantCode=0020434X&size=medium&imageplaceholder=http://ebiz.uk/includes/images/sites/9/holdingimage.jpg", "image": "bonding-compound.jpg"}}, {"model": "products.product", "pk": 31, "fields": {"category": 4, "sku": "3651529", "name": "Cement Multicem Plastic 25kg", "description": "Standard building cement - most commonly used. Multicem® is a high performance, low CO2, air-entrained, packed cement from Hanson.", "has_sizes": false, "price": "5.40", "rating": "5.00", "image_url": "https://ebiz.uk/api/productImage?siteID=robertprice&fallBacks=%5B%22catthumb%5F1AF69AAE%2D9FED%2D4E50%2DB9E4EE1CD1C32BEF%22%2C%22catthumb%5FDFCB2CA1%2D6069%2D4BE3%2DBD6BDC6465F87AC3%22%2C%22catthumb%5F25629353%2DB45B%2D492E%2D8AA60A9D346D063F%22%5D&aspect=5:4&crop=true&merchantCode=3651529&size=medium&imageplaceholder=http://ebiz.uk/includes/images/sites/9/holdingimage.jpg", "image": "multicem-plastic.jpg"}}, {"model": "products.product", "pk": 32, "fields": {"category": 4, "sku": "284408", "name": "Plaster Thistle Multi Finish Bag 25kg", "description": "Final coat plaster for skimming over plasterboard or Thistle undercoat plasters", "has_sizes": false, "price": "7.60", "rating": "5.00", "image_url": "https://ebiz.uk/api/productImage?siteID=robertprice&fallBacks=%5B%22catthumb%5F047BEE89%2DD4BD%2D4DA0%2D81542875D784F36D%22%2C%22catthumb%5FD358AF42%2DFC08%2D4E89%2DADBA5E09C36F9C6D%22%2C%22catthumb%5F25629353%2DB45B%2D492E%2D8AA60A9D346D063F%22%5D&aspect=5:4&crop=true&merchantCode=284408&size=medium&imageplaceholder=http://ebiz.uk/includes/images/sites/9/holdingimage.jpg", "image": "multi-finish.jpg"}}, {"model": "products.product", "pk": 33, "fields": {"category": 4, "sku": "4042929", "name": "Cement Portland 42.5N 25kg", "description": "For use in concrete, mortar, render and screed", "has_sizes": false, "price": "5.59", "rating": "5.00", "image_url": "https://ebiz.uk/api/productImage?siteID=robertprice&fallBacks=%5B%22catthumb%5F1AF69AAE%2D9FED%2D4E50%2DB9E4EE1CD1C32BEF%22%2C%22catthumb%5FDFCB2CA1%2D6069%2D4BE3%2DBD6BDC6465F87AC3%22%2C%22catthumb%5F25629353%2DB45B%2D492E%2D8AA60A9D346D063F%22%5D&aspect=5:4&crop=true&merchantCode=4042929&size=medium&imageplaceholder=http://ebiz.uk/includes/images/sites/9/holdingimage.jpg", "image": "portland-cement.jpg"}}, {"model": "products.product", "pk": 34, "fields": {"category": 4, "sku": "8013301", "name": "Cement White Portland 25kg", "description": "Suitable for bright concrete and mortar where vibrant colours are required.", "has_sizes": false, "price": "14.75", "rating": "5.00", "image_url": "https://ebiz.uk/api/productImage?siteID=robertprice&fallBacks=%5B%22catthumb%5F1AF69AAE%2D9FED%2D4E50%2DB9E4EE1CD1C32BEF%22%2C%22catthumb%5FDFCB2CA1%2D6069%2D4BE3%2DBD6BDC6465F87AC3%22%2C%22catthumb%5F25629353%2DB45B%2D492E%2D8AA60A9D346D063F%22%5D&aspect=5:4&crop=true&merchantCode=8013301&size=medium&imageplaceholder=http://ebiz.uk/includes/images/sites/9/holdingimage.jpg", "image": "portland-white-cement.jpg"}}, {"model": "products.product", "pk": 35, "fields": {"category": 4, "sku": "131512", "name": "Post Mix 20kg", "description": "Hanson Postfix is formulated to produce good quality concrete for setting all types of posts. This product contains high aluminous cement.", "has_sizes": false, "price": "5.79", "rating": "5.00", "image_url": "https://ebiz.uk/api/productImage?siteID=robertprice&fallBacks=%5B%22catthumb%5F1AF69AAE%2D9FED%2D4E50%2DB9E4EE1CD1C32BEF%22%2C%22catthumb%5FDFCB2CA1%2D6069%2D4BE3%2DBD6BDC6465F87AC3%22%2C%22catthumb%5F25629353%2DB45B%2D492E%2D8AA60A9D346D063F%22%5D&aspect=5:4&crop=true&merchantCode=131512&size=medium&imageplaceholder=http://ebiz.uk/includes/images/sites/9/holdingimage.jpg", "image": "postmix.jpg"}}, {"model": "products.product", "pk": 36, "fields": {"category": 4, "sku": "5434932", "name": "Post Mix Rapid Fast Set 20kg", "description": "Hanson Fast Set Post Fix is a simple to use fast setting concrete mix for fixing fence posts etc in the ground.This product contains high aluminous cement.", "has_sizes": false, "price": "7.19", "rating": "5.00", "image_url": "https://ebiz.uk/api/productImage?siteID=robertprice&fallBacks=%5B%22catthumb%5F1AF69AAE%2D9FED%2D4E50%2DB9E4EE1CD1C32BEF%22%2C%22catthumb%5FDFCB2CA1%2D6069%2D4BE3%2DBD6BDC6465F87AC3%22%2C%22catthumb%5F25629353%2DB45B%2D492E%2D8AA60A9D346D063F%22%5D&aspect=5:4&crop=true&merchantCode=5434932&size=medium&imageplaceholder=http://ebiz.uk/includes/images/sites/9/holdingimage.jpg", "image": "postmix-rapid.jpg"}}, {"model": "products.product", "pk": 37, "fields": {"category": 4, "sku": "8607012", "name": "Cement Quickcem 25kg", "description": "For quick setting and hardening concrete and mortar. Suitable in a variety of different conditions.", "has_sizes": false, "price": "20.51", "rating": "5.00", "image_url": "https://ebiz.uk/api/productImage?siteID=robertprice&fallBacks=%5B%22catthumb%5F1AF69AAE%2D9FED%2D4E50%2DB9E4EE1CD1C32BEF%22%2C%22catthumb%5FDFCB2CA1%2D6069%2D4BE3%2DBD6BDC6465F87AC3%22%2C%22catthumb%5F25629353%2DB45B%2D492E%2D8AA60A9D346D063F%22%5D&aspect=5:4&crop=true&merchantCode=8607012&size=medium&imageplaceholder=http://ebiz.uk/includes/images/sites/9/holdingimage.jpg", "image": "quickcem.jpg"}}, {"model": "products.product", "pk": 38, "fields": {"category": 4, "sku": "3890715", "name": "JETCEM Quickset Patching Plaster 6kg", "description": "Jetcem Quick Setting Patching Plaster is a high strength plaster in powder form which easily mixes with water to form a creamy lump free paste that is the ideal choice for most patching repairs. The product dries hard in 1 hour to a smooth finish which can be further sanded if desired. With added PVA powder, this product will not shrink or crack and is strong enough to accept nails or screws.", "has_sizes": false, "price": "11.56", "rating": "5.00", "image_url": "https://ebiz.uk/api/productImage?siteID=robertprice&fallBacks=%5B%22catthumb%5F047BEE89%2DD4BD%2D4DA0%2D81542875D784F36D%22%2C%22catthumb%5FD358AF42%2DFC08%2D4E89%2DADBA5E09C36F9C6D%22%2C%22catthumb%5F25629353%2DB45B%2D492E%2D8AA60A9D346D063F%22%5D&aspect=5:4&crop=true&merchantCode=3890715&size=medium&imageplaceholder=http://ebiz.uk/includes/images/sites/9/holdingimage.jpg", "image": "quickset-patching.jpg"}}, {"model": "products.product", "pk": 39, "fields": {"category": 4, "sku": "204560", "name": "Sand & Cement Mortar Maxipack", "description": "Dry pre-blended cementitious material, containing Portland cement and building sand.", "has_sizes": false, "price": "7.69", "rating": "5.00", "image_url": "https://ebiz.uk/api/productImage?siteID=robertprice&fallBacks=%5B%22catthumb%5F1AF69AAE%2D9FED%2D4E50%2DB9E4EE1CD1C32BEF%22%2C%22catthumb%5FDFCB2CA1%2D6069%2D4BE3%2DBD6BDC6465F87AC3%22%2C%22catthumb%5F25629353%2DB45B%2D492E%2D8AA60A9D346D063F%22%5D&aspect=5:4&crop=true&merchantCode=204560&size=medium&imageplaceholder=http://ebiz.uk/includes/images/sites/9/holdingimage.jpg", "image": "sand-cement-mortar.jpg"}}, {"model": "products.product", "pk": 40, "fields": {"category": 5, "sku": "283487", "name": "Copper Pipe 15mm - 3m", "description": "Rigidity allows for both vertical and horizontal installation", "has_sizes": false, "price": "10.21", "rating": "5.00", "image_url": "https://ebiz.uk/api/productImage?merchantCode=53D9AA3D-3569-4DB7-955BC827DBEC3872&size=200&crop=true&imageplaceholder=http://www.robert-price.co.uk/includes/images/sites/9/holdingimage.jpg", "image": "copper-pipe.jpg"}}, {"model": "products.product", "pk": 41, "fields": {"category": 5, "sku": "57002", "name": "End Feed Connector (Straight Coupler)", "description": "Straight coupler", "has_sizes": false, "price": "0.22", "rating": "5.00", "image_url": "https://ebiz.uk/api/productImage?siteID=robertprice&fallBacks=%5B%22catthumb%5F39A90483%2DD50B%2D4D21%2D9A48DDCB36F312AA%22%2C%22catthumb%5FC26A5923%2DA9EB%2D4378%2DB1A8C49347BE7516%22%2C%22catthumb%5FA777489E%2DC53A%2D4E3B%2DAA387584F01BDB7C%22%5D&aspect=5:4&crop=true&merchantCode=57002&size=medium&imageplaceholder=http://ebiz.uk/includes/images/sites/9/holdingimage.jpg", "image": "coupler.jpg"}}, {"model": "products.product", "pk": 42, "fields": {"category": 5, "sku": "90298", "name": "End Feed Copper Elbow", "description": "90 degree Elbow", "has_sizes": false, "price": "0.20", "rating": "5.00", "image_url": "https://ebiz.uk/api/productImage?siteID=robertprice&fallBacks=%5B%22catthumb%5F39A90483%2DD50B%2D4D21%2D9A48DDCB36F312AA%22%2C%22catthumb%5FC26A5923%2DA9EB%2D4378%2DB1A8C49347BE7516%22%2C%22catthumb%5FA777489E%2DC53A%2D4E3B%2DAA387584F01BDB7C%22%5D&aspect=5:4&crop=true&merchantCode=90298&size=medium&imageplaceholder=http://ebiz.uk/includes/images/sites/9/holdingimage.jpg", "image": "elbow.jpg"}}, {"model": "products.product", "pk": 43, "fields": {"category": 5, "sku": "34002", "name": "End Feed Reducer 22mm x 15mm", "description": "Fitting Reducer", "has_sizes": false, "price": "0.59", "rating": "5.00", "image_url": "https://ebiz.uk/api/productImage?siteID=robertprice&fallBacks=%5B%22catthumb%5F39A90483%2DD50B%2D4D21%2D9A48DDCB36F312AA%22%2C%22catthumb%5FC26A5923%2DA9EB%2D4378%2DB1A8C49347BE7516%22%2C%22catthumb%5FA777489E%2DC53A%2D4E3B%2DAA387584F01BDB7C%22%5D&aspect=5:4&crop=true&merchantCode=34002&size=medium&imageplaceholder=http://ebiz.uk/includes/images/sites/9/holdingimage.jpg", "image": "reducer.jpg"}}, {"model": "products.product", "pk": 44, "fields": {"category": 5, "sku": "214604", "name": "Solder Ring Coupler", "description": "Solder ring straight coupler", "has_sizes": false, "price": "0.53", "rating": "5.00", "image_url": "https://ebiz.uk/api/productImage?siteID=robertprice&fallBacks=%5B%22catthumb%5F39A90483%2DD50B%2D4D21%2D9A48DDCB36F312AA%22%2C%22catthumb%5FC26A5923%2DA9EB%2D4378%2DB1A8C49347BE7516%22%2C%22catthumb%5FA777489E%2DC53A%2D4E3B%2DAA387584F01BDB7C%22%5D&aspect=5:4&crop=true&merchantCode=214604&size=medium&imageplaceholder=http://ebiz.uk/includes/images/sites/9/holdingimage.jpg", "image": "solder-ring-coupler.jpg"}}, {"model": "products.product", "pk": 45, "fields": {"category": 5, "sku": "313130", "name": "Solder Ring Elbow", "description": "Solder ring 90 degrees Elbow", "has_sizes": false, "price": "0.52", "rating": "5.00", "image_url": "https://ebiz.uk/api/productImage?siteID=robertprice&fallBacks=%5B%22catthumb%5F39A90483%2DD50B%2D4D21%2D9A48DDCB36F312AA%22%2C%22catthumb%5FC26A5923%2DA9EB%2D4378%2DB1A8C49347BE7516%22%2C%22catthumb%5FA777489E%2DC53A%2D4E3B%2DAA387584F01BDB7C%22%5D&aspect=5:4&crop=true&merchantCode=313130&size=medium&imageplaceholder=http://ebiz.uk/includes/images/sites/9/holdingimage.jpg", "image": "solder-ring-elbow.jpg"}}, {"model": "products.product", "pk": 46, "fields": {"category": 5, "sku": "272515", "name": "Solder Ring Reducer 22mm x 15mm", "description": "Fitting Reducer", "has_sizes": false, "price": "0.53", "rating": "5.00", "image_url": "https://ebiz.uk/api/productImage?siteID=robertprice&fallBacks=%5B%22catthumb%5F39A90483%2DD50B%2D4D21%2D9A48DDCB36F312AA%22%2C%22catthumb%5FC26A5923%2DA9EB%2D4378%2DB1A8C49347BE7516%22%2C%22catthumb%5FA777489E%2DC53A%2D4E3B%2DAA387584F01BDB7C%22%5D&aspect=5:4&crop=true&merchantCode=272515&size=medium&imageplaceholder=http://ebiz.uk/includes/images/sites/9/holdingimage.jpg", "image": "solder-ring-reducer.jpg"}}, {"model": "products.product", "pk": 47, "fields": {"category": 5, "sku": "26395", "name": "Solder Ring Tee", "description": "Equal Tee", "has_sizes": false, "price": "0.99", "rating": "5.00", "image_url": "https://ebiz.uk/api/productImage?siteID=robertprice&fallBacks=%5B%22catthumb%5F39A90483%2DD50B%2D4D21%2D9A48DDCB36F312AA%22%2C%22catthumb%5FC26A5923%2DA9EB%2D4378%2DB1A8C49347BE7516%22%2C%22catthumb%5FA777489E%2DC53A%2D4E3B%2DAA387584F01BDB7C%22%5D&aspect=5:4&crop=true&merchantCode=26395&size=medium&imageplaceholder=http://ebiz.uk/includes/images/sites/9/holdingimage.jpg", "image": "solder-ring-tee.jpg"}}, {"model": "products.product", "pk": 48, "fields": {"category": 5, "sku": "136158", "name": "End Feed Stopend", "description": "Stop End", "has_sizes": false, "price": "1.38", "rating": "5.00", "image_url": "https://ebiz.uk/api/productImage?siteID=robertprice&fallBacks=%5B%22catthumb%5F39A90483%2DD50B%2D4D21%2D9A48DDCB36F312AA%22%2C%22catthumb%5FC26A5923%2DA9EB%2D4378%2DB1A8C49347BE7516%22%2C%22catthumb%5FA777489E%2DC53A%2D4E3B%2DAA387584F01BDB7C%22%5D&aspect=5:4&crop=true&merchantCode=136158&size=medium&imageplaceholder=http://ebiz.uk/includes/images/sites/9/holdingimage.jpg", "image": "stopend.jpg"}}, {"model": "products.product", "pk": 49, "fields": {"category": 5, "sku": "20745", "name": "End Feed Copper Tee", "description": "Equal Tee", "has_sizes": false, "price": "0.28", "rating": "5.00", "image_url": "https://ebiz.uk/api/productImage?siteID=robertprice&fallBacks=%5B%22catthumb%5F39A90483%2DD50B%2D4D21%2D9A48DDCB36F312AA%22%2C%22catthumb%5FC26A5923%2DA9EB%2D4378%2DB1A8C49347BE7516%22%2C%22catthumb%5FA777489E%2DC53A%2D4E3B%2DAA387584F01BDB7C%22%5D&aspect=5:4&crop=true&merchantCode=20745&size=medium&imageplaceholder=http://ebiz.uk/includes/images/sites/9/holdingimage.jpg", "image": "tee.jpg"}}, {"model": "products.product", "pk": 50, "fields": {"category": 6, "sku": "44911", "name": "Osma Deepline Black Angle 90'", "description": "Osma DeepLine gutter black angle 90° 113mm", "has_sizes": false, "price": "7.62", "rating": "5.00", "image_url": "https://ebiz.uk/api/productImage?siteID=robertprice&fallBacks=%5B%22catthumb%5F5A67A969%2D83BD%2D4111%2DB336B8F7A7130B3A%22%2C%22catthumb%5F593E794E%2D98B9%2D4125%2DABCBFE06923B9D38%22%2C%22catthumb%5F097E3B85%2D31D7%2D490E%2DB673D3BDADD34A1E%22%5D&aspect=5:4&crop=true&merchantCode=44911&size=medium&imageplaceholder=http://ebiz.uk/includes/images/sites/9/holdingimage.jpg", "image": "black-angle-90.jpg"}}, {"model": "products.product", "pk": 51, "fields": {"category": 6, "sku": "216399", "name": "Osma Deepline Black Support Bracket", "description": "Osma DeepLine gutter black support bracket 113mm", "has_sizes": false, "price": "1.67", "rating": "5.00", "image_url": "https://ebiz.uk/api/productImage?siteID=robertprice&fallBacks=%5B%22catthumb%5F5A67A969%2D83BD%2D4111%2DB336B8F7A7130B3A%22%2C%22catthumb%5F593E794E%2D98B9%2D4125%2DABCBFE06923B9D38%22%2C%22catthumb%5F097E3B85%2D31D7%2D490E%2DB673D3BDADD34A1E%22%5D&aspect=5:4&crop=true&merchantCode=216399&size=medium&imageplaceholder=http://ebiz.uk/includes/images/sites/9/holdingimage.jpg", "image": "black-bracket.jpg"}}, {"model": "products.product", "pk": 52, "fields": {"category": 6, "sku": "150622", "name": "Osma DeepLine Black Gutter 4m", "description": "Osma DeepLine black gutter 113mm 4m", "has_sizes": false, "price": "18.12", "rating": "5.00", "image_url": "https://ebiz.uk/api/productImage?siteID=robertprice&fallBacks=%5B%22catthumb%5F5A67A969%2D83BD%2D4111%2DB336B8F7A7130B3A%22%2C%22catthumb%5F593E794E%2D98B9%2D4125%2DABCBFE06923B9D38%22%2C%22catthumb%5F097E3B85%2D31D7%2D490E%2DB673D3BDADD34A1E%22%5D&aspect=5:4&crop=true&merchantCode=150622&size=medium&imageplaceholder=http://ebiz.uk/includes/images/sites/9/holdingimage.jpg", "image": "black-gutter.jpg"}}, {"model": "products.product", "pk": 53, "fields": {"category": 6, "sku": "72834", "name": "Osma DeepLine Black Running Outlet", "description": "Osma DeepLine black running outlet 113mm", "has_sizes": false, "price": "5.89", "rating": "5.00", "image_url": "https://ebiz.uk/api/productImage?siteID=robertprice&fallBacks=%5B%22catthumb%5F5A67A969%2D83BD%2D4111%2DB336B8F7A7130B3A%22%2C%22catthumb%5F593E794E%2D98B9%2D4125%2DABCBFE06923B9D38%22%2C%22catthumb%5F097E3B85%2D31D7%2D490E%2DB673D3BDADD34A1E%22%5D&aspect=5:4&crop=true&merchantCode=72834&size=medium&imageplaceholder=http://ebiz.uk/includes/images/sites/9/holdingimage.jpg", "image": "black-outlet.jpg"}}, {"model": "products.product", "pk": 54, "fields": {"category": 6, "sku": "124435", "name": "Osma RoundLine Black Pipe 4m", "description": "Osma RoundLine black pipe 68mm 4m", "has_sizes": false, "price": "17.47", "rating": "5.00", "image_url": "https://ebiz.uk/api/productImage?siteID=robertprice&fallBacks=%5B%22catthumb%5F5A67A969%2D83BD%2D4111%2DB336B8F7A7130B3A%22%2C%22catthumb%5F593E794E%2D98B9%2D4125%2DABCBFE06923B9D38%22%2C%22catthumb%5F097E3B85%2D31D7%2D490E%2DB673D3BDADD34A1E%22%5D&aspect=5:4&crop=true&merchantCode=124435&size=medium&imageplaceholder=http://ebiz.uk/includes/images/sites/9/holdingimage.jpg", "image": "black-pipe.jpg"}}, {"model": "products.product", "pk": 55, "fields": {"category": 6, "sku": "95540", "name": "Osma DeepLine Black Stopend", "description": "Osma DeepLine black stopend internal 113mm", "has_sizes": false, "price": "2.09", "rating": "5.00", "image_url": "https://ebiz.uk/api/productImage?siteID=robertprice&fallBacks=%5B%22catthumb%5F5A67A969%2D83BD%2D4111%2DB336B8F7A7130B3A%22%2C%22catthumb%5F593E794E%2D98B9%2D4125%2DABCBFE06923B9D38%22%2C%22catthumb%5F097E3B85%2D31D7%2D490E%2DB673D3BDADD34A1E%22%5D&aspect=5:4&crop=true&merchantCode=95540&size=medium&imageplaceholder=http://ebiz.uk/includes/images/sites/9/holdingimage.jpg", "image": "black-stopend.jpg"}}, {"model": "products.product", "pk": 56, "fields": {"category": 6, "sku": "0017954X", "name": "Osma DeepLine Black Gutter Union", "description": "Osma DeepLine black gutter union 113mm", "has_sizes": false, "price": "5.32", "rating": "5.00", "image_url": "https://ebiz.uk/api/productImage?siteID=robertprice&fallBacks=%5B%22catthumb%5F5A67A969%2D83BD%2D4111%2DB336B8F7A7130B3A%22%2C%22catthumb%5F593E794E%2D98B9%2D4125%2DABCBFE06923B9D38%22%2C%22catthumb%5F097E3B85%2D31D7%2D490E%2DB673D3BDADD34A1E%22%5D&aspect=5:4&crop=true&merchantCode=0017954X&size=medium&imageplaceholder=http://ebiz.uk/includes/images/sites/9/holdingimage.jpg", "image": "black-union.jpg"}}, {"model": "products.product", "pk": 57, "fields": {"category": 6, "sku": "256544", "name": "Osma Deepline Brown Angle 90'", "description": "Osma DeepLine brown gutter angle 90° 113mm", "has_sizes": false, "price": "7.62", "rating": "5.00", "image_url": "https://ebiz.uk/api/productImage?siteID=robertprice&fallBacks=%5B%22catthumb%5F5A67A969%2D83BD%2D4111%2DB336B8F7A7130B3A%22%2C%22catthumb%5F593E794E%2D98B9%2D4125%2DABCBFE06923B9D38%22%2C%22catthumb%5F097E3B85%2D31D7%2D490E%2DB673D3BDADD34A1E%22%5D&aspect=5:4&crop=true&merchantCode=256544&size=medium&imageplaceholder=http://ebiz.uk/includes/images/sites/9/holdingimage.jpg", "image": "brown-angle-90.jpg"}}, {"model": "products.product", "pk": 58, "fields": {"category": 6, "sku": "235318", "name": "Osma Deepline Brown Support Bracket", "description": "Osma DeepLine brown gutter support bracket 113mm", "has_sizes": false, "price": "1.67", "rating": "5.00", "image_url": "https://ebiz.uk/api/productImage?siteID=robertprice&fallBacks=%5B%22catthumb%5F5A67A969%2D83BD%2D4111%2DB336B8F7A7130B3A%22%2C%22catthumb%5F593E794E%2D98B9%2D4125%2DABCBFE06923B9D38%22%2C%22catthumb%5F097E3B85%2D31D7%2D490E%2DB673D3BDADD34A1E%22%5D&aspect=5:4&crop=true&merchantCode=235318&size=medium&imageplaceholder=http://ebiz.uk/includes/images/sites/9/holdingimage.jpg", "image": "brown-bracket.jpg"}}, {"model": "products.product", "pk": 59, "fields": {"category": 6, "sku": "301159", "name": "Osma DeepLine Brown Gutter 4m", "description": "Osma DeepLine brown gutter 113mm 4m", "has_sizes": false, "price": "18.12", "rating": "5.00", "image_url": "https://ebiz.uk/api/productImage?siteID=robertprice&fallBacks=%5B%22catthumb%5F5A67A969%2D83BD%2D4111%2DB336B8F7A7130B3A%22%2C%22catthumb%5F593E794E%2D98B9%2D4125%2DABCBFE06923B9D38%22%2C%22catthumb%5F097E3B85%2D31D7%2D490E%2DB673D3BDADD34A1E%22%5D&aspect=5:4&crop=true&merchantCode=301159&size=medium&imageplaceholder=http://ebiz.uk/includes/images/sites/9/holdingimage.jpg", "image": "brown-gutter.jpg"}}, {"model": "products.product", "pk": 60, "fields": {"category": 6, "sku": "179485", "name": "Osma DeepLine Brown Running Outlet", "description": "Osma DeepLine brown running outlet 113mm", "has_sizes": false, "price": "5.89", "rating": "5.00", "image_url": "https://ebiz.uk/api/productImage?siteID=robertprice&fallBacks=%5B%22catthumb%5F5A67A969%2D83BD%2D4111%2DB336B8F7A7130B3A%22%2C%22catthumb%5F593E794E%2D98B9%2D4125%2DABCBFE06923B9D38%22%2C%22catthumb%5F097E3B85%2D31D7%2D490E%2DB673D3BDADD34A1E%22%5D&aspect=5:4&crop=true&merchantCode=179485&size=medium&imageplaceholder=http://ebiz.uk/includes/images/sites/9/holdingimage.jpg", "image": "brown-outlet.jpg"}}, {"model": "products.product", "pk": 61, "fields": {"category": 6, "sku": "8354", "name": "Osma RoundLine Brown Pipe 4m", "description": "Osma RoundLine brown pipe 68mm 4m", "has_sizes": false, "price": "17.47", "rating": "5.00", "image_url": "https://ebiz.uk/api/productImage?siteID=robertprice&fallBacks=%5B%22catthumb%5F5A67A969%2D83BD%2D4111%2DB336B8F7A7130B3A%22%2C%22catthumb%5F593E794E%2D98B9%2D4125%2DABCBFE06923B9D38%22%2C%22catthumb%5F097E3B85%2D31D7%2D490E%2DB673D3BDADD34A1E%22%5D&aspect=5:4&crop=true&merchantCode=8354&size=medium&imageplaceholder=http://ebiz.uk/includes/images/sites/9/holdingimage.jpg", "image": "brown-pipe.jpg"}}, {"model": "products.product", "pk": 62, "fields": {"category": 6, "sku": "126063", "name": "Osma DeepLine Brown Stopend", "description": "Osma DeepLine brown stopend internal 113mm", "has_sizes": false, "price": "2.09", "rating": "5.00", "image_url": "https://ebiz.uk/api/productImage?siteID=robertprice&fallBacks=%5B%22catthumb%5F5A67A969%2D83BD%2D4111%2DB336B8F7A7130B3A%22%2C%22catthumb%5F593E794E%2D98B9%2D4125%2DABCBFE06923B9D38%22%2C%22catthumb%5F097E3B85%2D31D7%2D490E%2DB673D3BDADD34A1E%22%5D&aspect=5:4&crop=true&merchantCode=126063&size=medium&imageplaceholder=http://ebiz.uk/includes/images/sites/9/holdingimage.jpg", "image": "brown-stopend.jpg"}}, {"model": "products.product", "pk": 63, "fields": {"category": 6, "sku": "77380", "name": "Osma DeepLine Brown Gutter Union", "description": "Osma DeepLine brown gutter union 113mm", "has_sizes": false, "price": "5.32", "rating": "5.00", "image_url": "https://ebiz.uk/api/productImage?siteID=robertprice&fallBacks=%5B%22catthumb%5F5A67A969%2D83BD%2D4111%2DB336B8F7A7130B3A%22%2C%22catthumb%5F593E794E%2D98B9%2D4125%2DABCBFE06923B9D38%22%2C%22catthumb%5F097E3B85%2D31D7%2D490E%2DB673D3BDADD34A1E%22%5D&aspect=5:4&crop=true&merchantCode=77380&size=medium&imageplaceholder=http://ebiz.uk/includes/images/sites/9/holdingimage.jpg", "image": "brown-union.jpg"}}, {"model": "products.product", "pk": 64, "fields": {"category": 6, "sku": "169986", "name": "Osma Deepline White Angle 90'", "description": "Osma DeepLine white gutter angle 90° 113mm", "has_sizes": false, "price": "7.62", "rating": "5.00", "image_url": "https://ebiz.uk/api/productImage?siteID=robertprice&fallBacks=%5B%22catthumb%5F5A67A969%2D83BD%2D4111%2DB336B8F7A7130B3A%22%2C%22catthumb%5F593E794E%2D98B9%2D4125%2DABCBFE06923B9D38%22%2C%22catthumb%5F097E3B85%2D31D7%2D490E%2DB673D3BDADD34A1E%22%5D&aspect=5:4&crop=true&merchantCode=169986&size=medium&imageplaceholder=http://ebiz.uk/includes/images/sites/9/holdingimage.jpg", "image": "white-angle-90.jpg"}}, {"model": "products.product", "pk": 65, "fields": {"category": 6, "sku": "61131", "name": "Osma Deepline White Support Bracket", "description": "Osma DeepLine white gutter support bracket 113mm", "has_sizes": false, "price": "1.67", "rating": "5.00", "image_url": "https://ebiz.uk/api/productImage?siteID=robertprice&fallBacks=%5B%22catthumb%5F5A67A969%2D83BD%2D4111%2DB336B8F7A7130B3A%22%2C%22catthumb%5F593E794E%2D98B9%2D4125%2DABCBFE06923B9D38%22%2C%22catthumb%5F097E3B85%2D31D7%2D490E%2DB673D3BDADD34A1E%22%5D&aspect=5:4&crop=true&merchantCode=61131&size=medium&imageplaceholder=http://ebiz.uk/includes/images/sites/9/holdingimage.jpg", "image": "white-bracket.jpg"}}, {"model": "products.product", "pk": 66, "fields": {"category": 6, "sku": "0021616X", "name": "Osma DeepLine White Gutter 4m", "description": "Osma DeepLine white gutter 113mm 4m", "has_sizes": false, "price": "18.12", "rating": "5.00", "image_url": "https://ebiz.uk/api/productImage?siteID=robertprice&fallBacks=%5B%22catthumb%5F5A67A969%2D83BD%2D4111%2DB336B8F7A7130B3A%22%2C%22catthumb%5F593E794E%2D98B9%2D4125%2DABCBFE06923B9D38%22%2C%22catthumb%5F097E3B85%2D31D7%2D490E%2DB673D3BDADD34A1E%22%5D&aspect=5:4&crop=true&merchantCode=0021616X&size=medium&imageplaceholder=http://ebiz.uk/includes/images/sites/9/holdingimage.jpg", "image": "white-gutter.jpg"}}, {"model": "products.product", "pk": 67, "fields": {"category": 6, "sku": "81914", "name": "Osma DeepLine White Running Outlet", "description": "Osma DeepLine white running outlet 113mm", "has_sizes": false, "price": "5.89", "rating": "5.00", "image_url": "https://ebiz.uk/api/productImage?siteID=robertprice&fallBacks=%5B%22catthumb%5F5A67A969%2D83BD%2D4111%2DB336B8F7A7130B3A%22%2C%22catthumb%5F593E794E%2D98B9%2D4125%2DABCBFE06923B9D38%22%2C%22catthumb%5F097E3B85%2D31D7%2D490E%2DB673D3BDADD34A1E%22%5D&aspect=5:4&crop=true&merchantCode=81914&size=medium&imageplaceholder=http://ebiz.uk/includes/images/sites/9/holdingimage.jpg", "image": "white-outlet.jpg"}}, {"model": "products.product", "pk": 68, "fields": {"category": 6, "sku": "87262", "name": "Osma RoundLine White Pipe 4m", "description": "Osma RoundLine pipe 68mm white 4m", "has_sizes": false, "price": "17.47", "rating": "5.00", "image_url": "https://ebiz.uk/api/productImage?siteID=robertprice&fallBacks=%5B%22catthumb%5F5A67A969%2D83BD%2D4111%2DB336B8F7A7130B3A%22%2C%22catthumb%5F593E794E%2D98B9%2D4125%2DABCBFE06923B9D38%22%2C%22catthumb%5F097E3B85%2D31D7%2D490E%2DB673D3BDADD34A1E%22%5D&aspect=5:4&crop=true&merchantCode=0001902X&size=medium&imageplaceholder=http://ebiz.uk/includes/images/sites/9/holdingimage.jpg", "image": "white-pipe.jpg"}}, {"model": "products.product", "pk": 69, "fields": {"category": 6, "sku": "258156", "name": "Osma DeepLine White Stopend", "description": "Osma DeepLine white stopend internal 113mm", "has_sizes": false, "price": "2.09", "rating": "5.00", "image_url": "https://ebiz.uk/api/productImage?siteID=robertprice&fallBacks=%5B%22catthumb%5F5A67A969%2D83BD%2D4111%2DB336B8F7A7130B3A%22%2C%22catthumb%5F593E794E%2D98B9%2D4125%2DABCBFE06923B9D38%22%2C%22catthumb%5F097E3B85%2D31D7%2D490E%2DB673D3BDADD34A1E%22%5D&aspect=5:4&crop=true&merchantCode=258156&size=medium&imageplaceholder=http://ebiz.uk/includes/images/sites/9/holdingimage.jpg", "image": "white-stopend.jpg"}}, {"model": "products.product", "pk": 70, "fields": {"category": 6, "sku": "69280", "name": "Osma DeepLine White Gutter Union", "description": "Osma DeepLine white gutter union 113mm", "has_sizes": false, "price": "5.32", "rating": "5.00", "image_url": "https://ebiz.uk/api/productImage?siteID=robertprice&fallBacks=%5B%22catthumb%5F5A67A969%2D83BD%2D4111%2DB336B8F7A7130B3A%22%2C%22catthumb%5F593E794E%2D98B9%2D4125%2DABCBFE06923B9D38%22%2C%22catthumb%5F097E3B85%2D31D7%2D490E%2DB673D3BDADD34A1E%22%5D&aspect=5:4&crop=true&merchantCode=69280&size=medium&imageplaceholder=http://ebiz.uk/includes/images/sites/9/holdingimage.jpg", "image": "white-union.jpg"}}, {"model": "products.product", "pk": 71, "fields": {"category": 7, "sku": "6977242", "name": "OX Pro Claw Hammer", "description": "Non-slip grip handle with shock reduction", "has_sizes": false, "price": "18.34", "rating": "5.00", "image_url": "https://ebiz.uk/api/productImage?siteID=robertprice&fallBacks=%5B%22catthumb%5FEA986C72%2DDB20%2D46FE%2D92D3303E694A54AD%22%2C%22catthumb%5FCDCD73C4%2DC061%2D4E9F%2DB0F507C0991F9347%22%2C%22catthumb%5F6CC3687E%2D9502%2D4B18%2D87C6DCD68815945E%22%5D&aspect=5:4&crop=true&merchantCode=6977242&size=medium&imageplaceholder=http://ebiz.uk/includes/images/sites/9/holdingimage.jpg", "image": "claw-hammer.jpg"}}, {"model": "products.product", "pk": 72, "fields": {"category": 7, "sku": "1980760", "name": "OX Fibreglass Club Hammer 2lb", "description": "Hardened high quality steel", "has_sizes": false, "price": "9.25", "rating": "5.00", "image_url": "https://ebiz.uk/api/productImage?siteID=robertprice&fallBacks=%5B%22catthumb%5FEA986C72%2DDB20%2D46FE%2D92D3303E694A54AD%22%2C%22catthumb%5FCDCD73C4%2DC061%2D4E9F%2DB0F507C0991F9347%22%2C%22catthumb%5F6CC3687E%2D9502%2D4B18%2D87C6DCD68815945E%22%5D&aspect=5:4&crop=true&merchantCode=1980760&size=medium&imageplaceholder=http://ebiz.uk/includes/images/sites/9/holdingimage.jpg", "image": "club-hammer.jpg"}}, {"model": "products.product", "pk": 73, "fields": {"category": 7, "sku": "8919497", "name": "Draper Supercut Fascut Hand Saw", "description": "Draper Hand Saw", "has_sizes": false, "price": "12.95", "rating": "5.00", "image_url": "https://ebiz.uk/api/productImage?merchantCode=1464C693-83E2-4066-BEEBB4762356DBCB&size=200&crop=true&imageplaceholder=http://www.robert-price.co.uk/includes/images/sites/9/holdingimage.jpg", "image": "hand-saw.jpg"}}, {"model": "products.product", "pk": 74, "fields": {"category": 7, "sku": "4756609", "name": "OX Combination Pliers", "description": "Used for gripping, twisting & cutting", "has_sizes": false, "price": "14.00", "rating": "5.00", "image_url": "https://ebiz.uk/api/productImage?siteID=robertprice&fallBacks=%5B%22catthumb%5FAC82043F%2D864D%2D4034%2DAD565DB8EB4498FE%22%2C%22catthumb%5FCDCD73C4%2DC061%2D4E9F%2DB0F507C0991F9347%22%2C%22catthumb%5F6CC3687E%2D9502%2D4B18%2D87C6DCD68815945E%22%5D&aspect=5:4&crop=true&merchantCode=4756609&size=medium&imageplaceholder=http://ebiz.uk/includes/images/sites/9/holdingimage.jpg", "image": "pliers.jpg"}}, {"model": "products.product", "pk": 75, "fields": {"category": 7, "sku": "4647044", "name": "OX Pump Pliers", "description": "Adjustable width jaw for grasping & turning", "has_sizes": false, "price": "20.99", "rating": "5.00", "image_url": "https://ebiz.uk/api/productImage?siteID=robertprice&fallBacks=%5B%22catthumb%5FAC82043F%2D864D%2D4034%2DAD565DB8EB4498FE%22%2C%22catthumb%5FCDCD73C4%2DC061%2D4E9F%2DB0F507C0991F9347%22%2C%22catthumb%5F6CC3687E%2D9502%2D4B18%2D87C6DCD68815945E%22%5D&aspect=5:4&crop=true&merchantCode=4647044&size=medium&imageplaceholder=http://ebiz.uk/includes/images/sites/9/holdingimage.jpg", "image": "pump-pliers.jpg"}}, {"model": "products.product", "pk": 76, "fields": {"category": 7, "sku": "6238094", "name": "OX Hickory Sledge Hammer 14lb", "description": "Hardened high quality steel", "has_sizes": false, "price": "34.95", "rating": "5.00", "image_url": "https://ebiz.uk/api/productImage?siteID=robertprice&fallBacks=%5B%22catthumb%5FEA986C72%2DDB20%2D46FE%2D92D3303E694A54AD%22%2C%22catthumb%5FCDCD73C4%2DC061%2D4E9F%2DB0F507C0991F9347%22%2C%22catthumb%5F6CC3687E%2D9502%2D4B18%2D87C6DCD68815945E%22%5D&aspect=5:4&crop=true&merchantCode=6238094&size=medium&imageplaceholder=http://ebiz.uk/includes/images/sites/9/holdingimage.jpg", "image": "sledge-hammer.jpg"}}, {"model": "products.product", "pk": 77, "fields": {"category": 7, "sku": "1341043", "name": "OX Brick Trowel 12in", "description": "Solid forged steel blade for ultimate strength", "has_sizes": false, "price": "28.75", "rating": "5.00", "image_url": "https://ebiz.uk/api/productImage?siteID=robertprice&fallBacks=%5B%22catthumb%5FF98C9099%2DC16D%2D48BE%2D92B3D7D5414FEE1C%22%2C%22catthumb%5FCDCD73C4%2DC061%2D4E9F%2DB0F507C0991F9347%22%2C%22catthumb%5F6CC3687E%2D9502%2D4B18%2D87C6DCD68815945E%22%5D&aspect=5:4&crop=true&merchantCode=1341043&size=medium&imageplaceholder=http://ebiz.uk/includes/images/sites/9/holdingimage.jpg", "image": "trowel-brick.jpg"}}, {"model": "products.product", "pk": 78, "fields": {"category": 7, "sku": "6228470", "name": "OX Finishing Trowel - Stainless Steel 11in", "description": "Pre-worn edges to eliminate line & ripple marks", "has_sizes": false, "price": "33.56", "rating": "5.00", "image_url": "https://ebiz.uk/api/productImage?siteID=robertprice&fallBacks=%5B%22catthumb%5FF98C9099%2DC16D%2D48BE%2D92B3D7D5414FEE1C%22%2C%22catthumb%5FCDCD73C4%2DC061%2D4E9F%2DB0F507C0991F9347%22%2C%22catthumb%5F6CC3687E%2D9502%2D4B18%2D87C6DCD68815945E%22%5D&aspect=5:4&crop=true&merchantCode=6228470&size=medium&imageplaceholder=http://ebiz.uk/includes/images/sites/9/holdingimage.jpg", "image": "trowel-finishing.jpg"}}, {"model": "products.product", "pk": 79, "fields": {"category": 7, "sku": "2418230", "name": "OX Notched Tile Trowel 10mm", "description": "Carbon steel blade", "has_sizes": false, "price": "11.50", "rating": "5.00", "image_url": "https://ebiz.uk/api/productImage?siteID=robertprice&fallBacks=%5B%22catthumb%5FF98C9099%2DC16D%2D48BE%2D92B3D7D5414FEE1C%22%2C%22catthumb%5FCDCD73C4%2DC061%2D4E9F%2DB0F507C0991F9347%22%2C%22catthumb%5F6CC3687E%2D9502%2D4B18%2D87C6DCD68815945E%22%5D&aspect=5:4&crop=true&merchantCode=2418230&size=medium&imageplaceholder=http://ebiz.uk/includes/images/sites/9/holdingimage.jpg", "image": "trowel-notched.jpg"}}, {"model": "products.product", "pk": 80, "fields": {"category": 7, "sku": "4778257", "name": "OX Extra Wide Wrench 8in - 36mm Capacity", "description": "Narrow head design for limited space applications", "has_sizes": false, "price": "22.25", "rating": "5.00", "image_url": "https://ebiz.uk/api/productImage?siteID=robertprice&fallBacks=%5B%22catthumb%5FAC82043F%2D864D%2D4034%2DAD565DB8EB4498FE%22%2C%22catthumb%5FCDCD73C4%2DC061%2D4E9F%2DB0F507C0991F9347%22%2C%22catthumb%5F6CC3687E%2D9502%2D4B18%2D87C6DCD68815945E%22%5D&aspect=5:4&crop=true&merchantCode=4778257&size=medium&imageplaceholder=http://ebiz.uk/includes/images/sites/9/holdingimage.jpg", "image": "wrench.jpg"}}, {"model": "products.product", "pk": 81, "fields": {"category": 8, "sku": "216895", "name": "Lead Slate 450 x 450mm for 4in pipe", "description": "BLM Standard Lead Slates are craftsman made from Code 4 Rolled Lead Sheet and provide a weather tight joint where a pipe penetrates a roof covering. Available to suit a range of pipe diameters and roof pitches. Lead slates can be made specific to your dimensions.", "has_sizes": false, "price": "34.20", "rating": "5.00", "image_url": "https://ebiz.uk/api/productImage?siteID=robertprice&fallBacks=%5B%22catthumb%5F96DCC283%2DC0C9%2D467D%2D8C2EFD4E5162DF4D%22%2C%22catthumb%5FAF173959%2D3A45%2D4F36%2D8C48820A80C6D807%22%2C%22catthumb%5F097E3B85%2D31D7%2D490E%2DB673D3BDADD34A1E%22%5D&merchantCode=216895&size=medium&imageplaceholder=http://ebiz.uk/includes/images/sites/9/holdingimage.jpg", "image": "lead-slate-pipe.jpg"}}, {"model": "products.product", "pk": 82, "fields": {"category": 8, "sku": "95826", "name": "Milled Lead Roll Code 6 450mm x 3m", "description": "BLM Rolled Lead Sheet is manufactured to BS EN 12588 using 100% recycled raw material. Lead is a versatile & malleable material used for a range of applications including soakers, flashings, valleys, gutters, dormers, cladding and as a complete roof covering.", "has_sizes": false, "price": "137.76", "rating": "5.00", "image_url": "https://ebiz.uk/api/productImage?siteID=robertprice&fallBacks=%5B%22catthumb%5F96DCC283%2DC0C9%2D467D%2D8C2EFD4E5162DF4D%22%2C%22catthumb%5FAF173959%2D3A45%2D4F36%2D8C48820A80C6D807%22%2C%22catthumb%5F097E3B85%2D31D7%2D490E%2DB673D3BDADD34A1E%22%5D&aspect=5:4&crop=true&merchantCode=95826&size=medium&imageplaceholder=http://ebiz.uk/includes/images/sites/9/holdingimage.jpg", "image": "milled-lead-roll.jpg"}}, {"model": "products.product", "pk": 83, "fields": {"category": 8, "sku": "300829", "name": "Morton Wedge Clips for Lead", "description": "BLM Hall Clips are high tensile V shaped stainless steel clips designed to fix lead in to masonry joints quicker and easier. Hall Clips grip the lead firmly in place ready to be dressed before pointing in. Available in bags of 50 they are a convenient alternative to lead wedges.", "has_sizes": false, "price": "4.70", "rating": "5.00", "image_url": "https://ebiz.uk/api/productImage?siteID=robertprice&fallBacks=%5B%22catthumb%5F96DCC283%2DC0C9%2D467D%2D8C2EFD4E5162DF4D%22%2C%22catthumb%5FAF173959%2D3A45%2D4F36%2D8C48820A80C6D807%22%2C%22catthumb%5F097E3B85%2D31D7%2D490E%2DB673D3BDADD34A1E%22%5D&aspect=5:4&crop=true&merchantCode=300829&size=medium&imageplaceholder=http://ebiz.uk/includes/images/sites/9/holdingimage.jpg", "image": "morton-wedge-clips.jpg"}}, {"model": "products.product", "pk": 84, "fields": {"category": 8, "sku": "88838", "name": "Patination Oil (Coverage 60sq.m)", "description": "BLM Patination Oil helps prevent white carbonate staining that can occur on newly fitted Lead Sheet from running on to adjacent materials and provides a pleasing finish to new leadwork. 1L provides 60m2 coverage.", "has_sizes": false, "price": "6.77", "rating": "5.00", "image_url": "https://ebiz.uk/api/productImage?siteID=robertprice&fallBacks=%5B%22catthumb%5F96DCC283%2DC0C9%2D467D%2D8C2EFD4E5162DF4D%22%2C%22catthumb%5FAF173959%2D3A45%2D4F36%2D8C48820A80C6D807%22%2C%22catthumb%5F097E3B85%2D31D7%2D490E%2DB673D3BDADD34A1E%22%5D&aspect=5:4&crop=true&merchantCode=88838&size=medium&imageplaceholder=http://ebiz.uk/includes/images/sites/9/holdingimage.jpg", "image": "patination-oil.jpg"}}, {"model": "products.product", "pk": 85, "fields": {"category": 9, "sku": "6085386", "name": "McAlpine Anti Syphon Bath Trap", "description": "1½'' x 75mm Seal Anti-Syphon Bath Trap", "has_sizes": false, "price": "9.17", "rating": "5.00", "image_url": "https://ebiz.uk/api/productImage?siteID=robertprice&fallBacks=%5B%22catthumb%5F6802AD3C%2D8E51%2D4791%2DBA1BDF6B11CD60CA%22%2C%22catthumb%5FC26A5923%2DA9EB%2D4378%2DB1A8C49347BE7516%22%2C%22catthumb%5FA777489E%2DC53A%2D4E3B%2DAA387584F01BDB7C%22%5D&aspect=5:4&crop=true&merchantCode=6085386&size=medium&imageplaceholder=http://ebiz.uk/includes/images/sites/9/holdingimage.jpg", "image": "bath-trap.jpg"}}, {"model": "products.product", "pk": 86, "fields": {"category": 9, "sku": "9861393", "name": "Anti Syphon Bottle Trap 32mm", "description": "1¼'' x 75mm Water Seal Anti-Syphon (Silentrap) Bottle Trap with Multifit Outlet", "has_sizes": false, "price": "8.75", "rating": "5.00", "image_url": "https://ebiz.uk/api/productImage?siteID=robertprice&fallBacks=%5B%22catthumb%5F6802AD3C%2D8E51%2D4791%2DBA1BDF6B11CD60CA%22%2C%22catthumb%5FC26A5923%2DA9EB%2D4378%2DB1A8C49347BE7516%22%2C%22catthumb%5FA777489E%2DC53A%2D4E3B%2DAA387584F01BDB7C%22%5D&aspect=5:4&crop=true&merchantCode=9861393&size=medium&imageplaceholder=http://ebiz.uk/includes/images/sites/9/holdingimage.jpg", "image": "bottle-trap.jpg"}}, {"model": "products.product", "pk": 87, "fields": {"category": 9, "sku": "3737791", "name": "Flex Non Return Valve", "description": "1½'' Multifit In-Line Non-Return Valve", "has_sizes": false, "price": "16.96", "rating": "5.00", "image_url": "https://ebiz.uk/api/productImage?siteID=robertprice&fallBacks=%5B%22catthumb%5F6802AD3C%2D8E51%2D4791%2DBA1BDF6B11CD60CA%22%2C%22catthumb%5FC26A5923%2DA9EB%2D4378%2DB1A8C49347BE7516%22%2C%22catthumb%5FA777489E%2DC53A%2D4E3B%2DAA387584F01BDB7C%22%5D&aspect=5:4&crop=true&merchantCode=3737791&size=medium&imageplaceholder=http://ebiz.uk/includes/images/sites/9/holdingimage.jpg", "image": "non-return-valve.jpg"}}, {"model": "products.product", "pk": 88, "fields": {"category": 9, "sku": "168378", "name": "Osma 32mm Adjustable Trap", "description": "Osma Waste adjustable tubular P trap 75mm seal 32mm white", "has_sizes": false, "price": "8.45", "rating": "5.00", "image_url": "https://ebiz.uk/api/productImage?siteID=robertprice&fallBacks=%5B%22catthumb%5F6802AD3C%2D8E51%2D4791%2DBA1BDF6B11CD60CA%22%2C%22catthumb%5FC26A5923%2DA9EB%2D4378%2DB1A8C49347BE7516%22%2C%22catthumb%5FA777489E%2DC53A%2D4E3B%2DAA387584F01BDB7C%22%5D&aspect=5:4&crop=true&merchantCode=168378&size=medium&imageplaceholder=http://ebiz.uk/includes/images/sites/9/holdingimage.jpg", "image": "u-bend-adjust.jpg"}}, {"model": "products.product", "pk": 89, "fields": {"category": 9, "sku": "6855540", "name": "Anti Syphon Washing Machine Trap", "description": "1¼'' Water Seal Anti-Syphon (Silentrap) anti Syphon Washing Machine Trap", "has_sizes": false, "price": "19.75", "rating": "5.00", "image_url": "https://ebiz.uk/api/productImage?siteID=robertprice&fallBacks=%5B%22catthumb%5F6802AD3C%2D8E51%2D4791%2DBA1BDF6B11CD60CA%22%2C%22catthumb%5FC26A5923%2DA9EB%2D4378%2DB1A8C49347BE7516%22%2C%22catthumb%5FA777489E%2DC53A%2D4E3B%2DAA387584F01BDB7C%22%5D&aspect=5:4&crop=true&merchantCode=6855540&size=medium&imageplaceholder=http://ebiz.uk/includes/images/sites/9/holdingimage.jpg", "image": "washing-machine-trap.jpg"}}, {"model": "products.product", "pk": 90, "fields": {"category": 9, "sku": "6301947", "name": "Osma Pushfit 32mm White Bend 90'", "description": "Osma Waste push-fit knuckle bend 90° 32mm white", "has_sizes": false, "price": "1.20", "rating": "5.00", "image_url": "https://ebiz.uk/api/productImage?siteID=robertprice&fallBacks=%5B%22catthumb%5F6802AD3C%2D8E51%2D4791%2DBA1BDF6B11CD60CA%22%2C%22catthumb%5FC26A5923%2DA9EB%2D4378%2DB1A8C49347BE7516%22%2C%22catthumb%5FA777489E%2DC53A%2D4E3B%2DAA387584F01BDB7C%22%5D&aspect=5:4&crop=true&merchantCode=6301947&size=medium&imageplaceholder=http://ebiz.uk/includes/images/sites/9/holdingimage.jpg", "image": "white-90-bend-32mm.jpg"}}, {"model": "products.product", "pk": 91, "fields": {"category": 9, "sku": "1927388", "name": "Osma Pushfit 32mm White Coupler", "description": "Osma Waste push-fit double socket 32mm white", "has_sizes": false, "price": "1.32", "rating": "5.00", "image_url": "https://ebiz.uk/api/productImage?siteID=robertprice&fallBacks=%5B%22catthumb%5F6802AD3C%2D8E51%2D4791%2DBA1BDF6B11CD60CA%22%2C%22catthumb%5FC26A5923%2DA9EB%2D4378%2DB1A8C49347BE7516%22%2C%22catthumb%5FA777489E%2DC53A%2D4E3B%2DAA387584F01BDB7C%22%5D&aspect=5:4&crop=true&merchantCode=1927388&size=medium&imageplaceholder=http://ebiz.uk/includes/images/sites/9/holdingimage.jpg", "image": "white-coupler-32mm.jpg"}}, {"model": "products.product", "pk": 92, "fields": {"category": 9, "sku": "2382832", "name": "Osma Pushfit 32mm White Pipe", "description": "Osma Waste push-fit plain ended pipe 32mm white 3m", "has_sizes": false, "price": "3.70", "rating": "5.00", "image_url": "https://ebiz.uk/api/productImage?siteID=robertprice&fallBacks=%5B%22catthumb%5F6802AD3C%2D8E51%2D4791%2DBA1BDF6B11CD60CA%22%2C%22catthumb%5FC26A5923%2DA9EB%2D4378%2DB1A8C49347BE7516%22%2C%22catthumb%5FA777489E%2DC53A%2D4E3B%2DAA387584F01BDB7C%22%5D&aspect=5:4&crop=true&merchantCode=2382832&size=medium&imageplaceholder=http://ebiz.uk/includes/images/sites/9/holdingimage.jpg", "image": "white-pipe-32mm.jpg"}}, {"model": "products.product", "pk": 93, "fields": {"category": 9, "sku": "8631276", "name": "Osma Pushfit 32mm White Tee", "description": "Osma Waste push-fit tee 87.5° 32mm white", "has_sizes": false, "price": "1.40", "rating": "5.00", "image_url": "https://ebiz.uk/api/productImage?siteID=robertprice&fallBacks=%5B%22catthumb%5F6802AD3C%2D8E51%2D4791%2DBA1BDF6B11CD60CA%22%2C%22catthumb%5FC26A5923%2DA9EB%2D4378%2DB1A8C49347BE7516%22%2C%22catthumb%5FA777489E%2DC53A%2D4E3B%2DAA387584F01BDB7C%22%5D&aspect=5:4&crop=true&merchantCode=8631276&size=medium&imageplaceholder=http://ebiz.uk/includes/images/sites/9/holdingimage.jpg", "image": "white-tee-32mm.jpg"}}, {"model": "products.product", "pk": 94, "fields": {"category": 10, "sku": "4541380", "name": "Milwaukee 230mm Angle Grinder 240v 2200W", "description": "Powerful, 2200 W motor with powder field coating for long life time and outstanding performance in all applications. Extreme compact design with an overall short length of 485 mm and 5.4 kg for most comfortable handling.", "has_sizes": false, "price": "159.95", "rating": "5.00", "image_url": "https://ebiz.uk/api/productImage?nodeRef=a3310359-3b23-4ba5-bb02-9bf682e7ed35&size=medium&fallBacks=%5B%22catthumb%5FE06C3EF0%2D95B2%2D47E0%2DB8040D5DD6E40B82%22%2C%22catthumb%5FFCC23542%2DA221%2D48DC%2D900DC6F5C2DFE00C%22%2C%22catthumb%5F6CC3687E%2D9502%2D4B18%2D87C6DCD68815945E%22%5D&imageplaceholder=http://ebiz.uk/includes/images/sites/9/holdingimage.jpg", "image": "angle-grinder.jpg"}}, {"model": "products.product", "pk": 95, "fields": {"category": 10, "sku": "7109467", "name": "Makita Belt Sander 240v", "description": "Model 9404 is equipped with Speed Adjusting Dial for getting optimum belt speed to suit various work piece. Equipped with auto tracking belt system. Belt size for Model 9404 : 100mm x 610mm (4'' x 24'').", "has_sizes": false, "price": "249.99", "rating": "5.00", "image_url": "https://ebiz.uk/api/productImage?siteID=robertprice&fallBacks=%5B%22catthumb%5F037A0D19%2DB22C%2D4A7D%2D88D5915AB2AEB7D8%22%2C%22catthumb%5FFCC23542%2DA221%2D48DC%2D900DC6F5C2DFE00C%22%2C%22catthumb%5F6CC3687E%2D9502%2D4B18%2D87C6DCD68815945E%22%5D&merchantCode=7109467&size=medium&imageplaceholder=http://ebiz.uk/includes/images/sites/9/holdingimage.jpg", "image": "belt-sander.jpg"}}, {"model": "products.product", "pk": 96, "fields": {"category": 10, "sku": "1112965", "name": "Milwaukee 190mm Circular Saw 240v 1900W", "description": "1900 watt motor with large power reserves supplied with a carbide tipped 20 tooth saw blade, parallel guide and 4 m QUIK-LOK cable", "has_sizes": false, "price": "209.99", "rating": "5.00", "image_url": "https://ebiz.uk/api/productImage?nodeRef=28a6ab6b-380c-4644-bdb2-747576bf7e41&size=medium&fallBacks=%5B%22catthumb%5F41DE7ECE%2DA1E4%2D46E7%2DBEDB25A94697CA2D%22%2C%22catthumb%5FFCC23542%2DA221%2D48DC%2D900DC6F5C2DFE00C%22%2C%22catthumb%5F6CC3687E%2D9502%2D4B18%2D87C6DCD68815945E%22%5D&aspect=5:4&crop=true&imageplaceholder=http://ebiz.uk/includes/images/sites/9/holdingimage.jpg", "image": "circular-saw.jpg"}}, {"model": "products.product", "pk": 97, "fields": {"category": 10, "sku": "6784947", "name": "Milwaukee 18v Impact Driver", "description": "Compact impact driver measures 140 mm in length making it ideal for working within confined spaces. Compact impact driver measures 140 mm in length making it ideal for working within confined spaces.", "has_sizes": false, "price": "139.99", "rating": "5.00", "image_url": "https://ebiz.uk/api/productImage?nodeRef=28e57cc1-cb75-4336-bddb-84cb0acd94a3&size=medium&fallBacks=%5B%22catthumb%5FB07D809F%2D5DF5%2D4145%2DB26467E1EDBF9C15%22%2C%22catthumb%5FFCC23542%2DA221%2D48DC%2D900DC6F5C2DFE00C%22%2C%22catthumb%5F6CC3687E%2D9502%2D4B18%2D87C6DCD68815945E%22%5D&aspect=5:4&crop=true&imageplaceholder=http://ebiz.uk/includes/images/sites/9/holdingimage.jpg", "image": "impact-driver.jpg"}}, {"model": "products.product", "pk": 98, "fields": {"category": 10, "sku": "9635525", "name": "Milwaukee 750W Jigsaw 240v", "description": "Robust and powerful top handle jig saw for fast cutting action in wood, aluminium, steel or ceramics. Powerful 750 W motor. Precision blade guidance for precise cuts. Supplied with 5 saw blades, anti-splintering device, dust cap, absorption adaptor, sliding shoe and 4 m cable.", "has_sizes": false, "price": "223.95", "rating": "5.00", "image_url": "https://ebiz.uk/api/productImage?nodeRef=cf69f50c-fb81-4aa1-b058-5408878e6010&size=medium&fallBacks=%5B%22catthumb%5F41DE7ECE%2DA1E4%2D46E7%2DBEDB25A94697CA2D%22%2C%22catthumb%5FFCC23542%2DA221%2D48DC%2D900DC6F5C2DFE00C%22%2C%22catthumb%5F6CC3687E%2D9502%2D4B18%2D87C6DCD68815945E%22%5D&aspect=5:4&crop=true&imageplaceholder=http://ebiz.uk/includes/images/sites/9/holdingimage.jpg", "image": "jigsaw.jpg"}}, {"model": "products.product", "pk": 99, "fields": {"category": 10, "sku": "5254914", "name": "Milwaukee 12in Mitre Saw 230v", "description": "Mitre angle digital readout - provides repeatable accuracy to 0.1 degrees. 1800 Watt direct drive motor with constant power technology. Dual integral jobsite lights illuminate the cut line. Supplied with workpiece clamp, saw blade (60 teeth), vacuum adaptor Ø 35 / 58 mm, wrench and 3 m cable.", "has_sizes": false, "price": "899.10", "rating": "5.00", "image_url": "https://ebiz.uk/api/productImage?nodeRef=51cd1d33-d2cb-4083-a1aa-1c52dbbd4d74&size=medium&fallBacks=%5B%22catthumb%5F41DE7ECE%2DA1E4%2D46E7%2DBEDB25A94697CA2D%22%2C%22catthumb%5FFCC23542%2DA221%2D48DC%2D900DC6F5C2DFE00C%22%2C%22catthumb%5F6CC3687E%2D9502%2D4B18%2D87C6DCD68815945E%22%5D&aspect=5:4&crop=true&imageplaceholder=http://ebiz.uk/includes/images/sites/9/holdingimage.jpg", "image": "mitre-saw.jpg"}}, {"model": "products.product", "pk": 100, "fields": {"category": 10, "sku": "3793299", "name": "Milwaukee 18v Naked Multi Tool", "description": "Up to 50% faster and versatile cordless solution for cutting and removal applications with corded performance. REDLINK overload protection and constant speed electronics in tool deliver best in class durability and performance.", "has_sizes": false, "price": "109.99", "rating": "5.00", "image_url": "https://ebiz.uk/api/productImage?nodeRef=ad02d563-c90f-428d-bca2-4242095b3272&size=medium&fallBacks=%5B%22catthumb%5F0E0C91BB%2D6296%2D4B2D%2DA49A4047B289A3D7%22%2C%22catthumb%5FFCC23542%2DA221%2D48DC%2D900DC6F5C2DFE00C%22%2C%22catthumb%5F6CC3687E%2D9502%2D4B18%2D87C6DCD68815945E%22%5D&aspect=5:4&crop=true&imageplaceholder=http://ebiz.uk/includes/images/sites/9/holdingimage.jpg", "image": "multi-tool.jpg"}}, {"model": "products.product", "pk": 101, "fields": {"category": 10, "sku": "6914648", "name": "Paslode Gas Nail Gun", "description": "Reliable, high performance gas framing nail gun with low weight and excellent balance, enabling extended work periods with lower fatigue. Multi-angled teeth nose probe provides additional bite to prevent tool sliding and ensure positive placement in timbers. Sequential trigger for safety. Lock-out function engages when only 3 nails remain.", "has_sizes": false, "price": "579.99", "rating": "5.00", "image_url": "https://ebiz.uk/api/productImage?merchantCode=51195FE1-CFFB-4071-B5A69D327C355988&size=200&crop=true&imageplaceholder=http://www.robert-price.co.uk/includes/images/sites/9/holdingimage.jpg", "image": "nail-gun.jpg"}}, {"model": "products.product", "pk": 102, "fields": {"category": 10, "sku": "2658768", "name": "Milwaukee 750W Percussion Drill 240v", "description": "Milwaukee PD2E20R/S 2-Speed Electronic Percussion Drill complete with 4m cable, additional handle with metal depth gauge and carrying case.", "has_sizes": false, "price": "114.00", "rating": "5.00", "image_url": "https://ebiz.uk/api/productImage?siteID=robertprice&fallBacks=%5B%22catthumb%5F5988E311%2D7BBD%2D4C4A%2DA00E8FF573FCEB75%22%2C%22catthumb%5FFCC23542%2DA221%2D48DC%2D900DC6F5C2DFE00C%22%2C%22catthumb%5F6CC3687E%2D9502%2D4B18%2D87C6DCD68815945E%22%5D&aspect=5:4&crop=true&merchantCode=2658768&size=medium&imageplaceholder=http://ebiz.uk/includes/images/sites/9/holdingimage.jpg", "image": "percussion-drill.jpg"}}, {"model": "products.product", "pk": 103, "fields": {"category": 10, "sku": "209098", "name": "Makita 1/2in Plunge Router", "description": "Models RP2301FC are upgraded sister tools of our current plunge-type electronic router Model 3612C. Their main benefits are: Linear ball bearing for super-smooth plunge action. Ergonomically contoured knob style handles. Powerful cutting with the continuous rating input higher than Model 3612C. Electric brake.", "has_sizes": false, "price": "279.00", "rating": "5.00", "image_url": "https://ebiz.uk/api/productImage?siteID=robertprice&fallBacks=%5B%22catthumb%5F41DE7ECE%2DA1E4%2D46E7%2DBEDB25A94697CA2D%22%2C%22catthumb%5FFCC23542%2DA221%2D48DC%2D900DC6F5C2DFE00C%22%2C%22catthumb%5F6CC3687E%2D9502%2D4B18%2D87C6DCD68815945E%22%5D&aspect=5:4&crop=true&merchantCode=209098&size=medium&imageplaceholder=http://ebiz.uk/includes/images/sites/9/holdingimage.jpg", "image": "plunge-router.jpg"}}, {"model": "products.product", "pk": 104, "fields": {"category": 10, "sku": "2195720", "name": "Milwaukee 1/4 Sheet Sander", "description": "Powerful 260W motor for sustained use", "has_sizes": false, "price": "119.00", "rating": "5.00", "image_url": "https://ebiz.uk/api/productImage?nodeRef=0c1fd242-c0db-4c04-8568-93c28fb8b22f&size=medium&fallBacks=%5B%22catthumb%5F037A0D19%2DB22C%2D4A7D%2D88D5915AB2AEB7D8%22%2C%22catthumb%5FFCC23542%2DA221%2D48DC%2D900DC6F5C2DFE00C%22%2C%22catthumb%5F6CC3687E%2D9502%2D4B18%2D87C6DCD68815945E%22%5D&aspect=5:4&crop=true&imageplaceholder=http://ebiz.uk/includes/images/sites/9/holdingimage.jpg", "image": "sheet-sander.jpg"}}, {"model": "products.product", "pk": 105, "fields": {"category": 11, "sku": "147680", "name": "CLS 3.0m x 50mm x 75mm (Fin 38x63)", "description": "CLS is used primarily in timber frame home construction and for internal and partition walls.", "has_sizes": false, "price": "11.22", "rating": "5.00", "image_url": "https://ebiz.uk/api/productImage?siteID=robertprice&fallBacks=%5B%22catthumb%5FE19BADBB%2D70B2%2D44BE%2DAD9CD534D105D7A1%22%2C%22catthumb%5F856C5EA7%2D235E%2D4928%2DA8C9368307863C4B%22%2C%22catthumb%5FA66B9C48%2D16F5%2D495F%2DAA43591181D47305%22%5D&aspect=5:4&crop=true&merchantCode=322776&size=medium&imageplaceholder=http://ebiz.uk/includes/images/sites/9/holdingimage.jpg", "image": "cls-3x2.jpg"}}, {"model": "products.product", "pk": 106, "fields": {"category": 11, "sku": "82864", "name": "CLS 3.0m x 50mm x 100mm (Fin 38x89)", "description": "CLS is used primarily in timber frame home construction and for internal and partition walls.", "has_sizes": false, "price": "15.19", "rating": "5.00", "image_url": "https://ebiz.uk/api/productImage?siteID=robertprice&fallBacks=%5B%22catthumb%5FE19BADBB%2D70B2%2D44BE%2DAD9CD534D105D7A1%22%2C%22catthumb%5F856C5EA7%2D235E%2D4928%2DA8C9368307863C4B%22%2C%22catthumb%5FA66B9C48%2D16F5%2D495F%2DAA43591181D47305%22%5D&aspect=5:4&crop=true&merchantCode=82864&size=medium&imageplaceholder=http://ebiz.uk/includes/images/sites/9/holdingimage.jpg", "image": "cls-4x2.jpg"}}, {"model": "products.product", "pk": 107, "fields": {"category": 11, "sku": "210943", "name": "CLS 4.8m x 50mm x 150mm (Fin 38x140)", "description": "CLS is used primarily in timber frame home construction and for internal and partition walls.", "has_sizes": false, "price": "27.74", "rating": "5.00", "image_url": "https://ebiz.uk/api/productImage?siteID=robertprice&fallBacks=%5B%22catthumb%5FE19BADBB%2D70B2%2D44BE%2DAD9CD534D105D7A1%22%2C%22catthumb%5F856C5EA7%2D235E%2D4928%2DA8C9368307863C4B%22%2C%22catthumb%5FA66B9C48%2D16F5%2D495F%2DAA43591181D47305%22%5D&aspect=5:4&crop=true&merchantCode=210943&size=medium&imageplaceholder=http://ebiz.uk/includes/images/sites/9/holdingimage.jpg", "image": "cls-6x2.jpg"}}, {"model": "products.product", "pk": 108, "fields": {"category": 11, "sku": "41874", "name": "PSE Arris 4 Edge Spindle 50mm x 50mm (per meter)", "description": "Used to be cut into decking spindle lengths", "has_sizes": false, "price": "2.66", "rating": "5.00", "image_url": "https://ebiz.uk/api/productImage?siteID=robertprice&fallBacks=%5B%22catthumb%5F1F3B9D41%2DC637%2D4A00%2DB83AD72CD4E273CB%22%2C%22catthumb%5F856C5EA7%2D235E%2D4928%2DA8C9368307863C4B%22%2C%22catthumb%5FA66B9C48%2D16F5%2D495F%2DAA43591181D47305%22%5D&aspect=5:4&crop=true&merchantCode=41874&size=medium&imageplaceholder=http://ebiz.uk/includes/images/sites/9/holdingimage.jpg", "image": "pse-edge-spindle-2x2.jpg"}}, {"model": "products.product", "pk": 109, "fields": {"category": 11, "sku": "0024919X", "name": "PTG Timber 19mm x 100mm (per meter)", "description": "Used for cladding.", "has_sizes": false, "price": "2.45", "rating": "5.00", "image_url": "https://ebiz.uk/api/productImage?siteID=robertprice&fallBacks=%5B%22catthumb%5FE34A7F0B%2D3375%2D490C%2D9A7AFEEAFA070B4E%22%2C%22catthumb%5F856C5EA7%2D235E%2D4928%2DA8C9368307863C4B%22%2C%22catthumb%5FA66B9C48%2D16F5%2D495F%2DAA43591181D47305%22%5D&aspect=5:4&crop=true&merchantCode=0024919X&size=medium&imageplaceholder=http://ebiz.uk/includes/images/sites/9/holdingimage.jpg", "image": "ptg-4x1.jpg"}}, {"model": "products.product", "pk": 110, "fields": {"category": 11, "sku": "234907", "name": "PTG Timber 19mm x 125mm (per meter)", "description": "Used for cladding and floor boards.", "has_sizes": false, "price": "2.65", "rating": "5.00", "image_url": "https://ebiz.uk/api/productImage?siteID=robertprice&fallBacks=%5B%22catthumb%5FE34A7F0B%2D3375%2D490C%2D9A7AFEEAFA070B4E%22%2C%22catthumb%5F856C5EA7%2D235E%2D4928%2DA8C9368307863C4B%22%2C%22catthumb%5FA66B9C48%2D16F5%2D495F%2DAA43591181D47305%22%5D&aspect=5:4&crop=true&merchantCode=234907&size=medium&imageplaceholder=http://ebiz.uk/includes/images/sites/9/holdingimage.jpg", "image": "ptg-5x1.jpg"}}, {"model": "products.product", "pk": 111, "fields": {"category": 11, "sku": "0015671X", "name": "PTG Timber 19mm x 150mm (per meter)", "description": "Used to make sheds, clad buildings.", "has_sizes": false, "price": "4.18", "rating": "5.00", "image_url": "https://ebiz.uk/api/productImage?siteID=robertprice&fallBacks=%5B%22catthumb%5FE34A7F0B%2D3375%2D490C%2D9A7AFEEAFA070B4E%22%2C%22catthumb%5F856C5EA7%2D235E%2D4928%2DA8C9368307863C4B%22%2C%22catthumb%5FA66B9C48%2D16F5%2D495F%2DAA43591181D47305%22%5D&aspect=5:4&crop=true&merchantCode=0015671X&size=medium&imageplaceholder=http://ebiz.uk/includes/images/sites/9/holdingimage.jpg", "image": "ptg-6x1.jpg"}}, {"model": "products.product", "pk": 112, "fields": {"category": 11, "sku": "2464895", "name": "PTGVJ 2S Cedar 25mm x 150mm (per meter)", "description": "Used to clad buildings.", "has_sizes": false, "price": "13.08", "rating": "5.00", "image_url": "https://ebiz.uk/api/productImage?siteID=robertprice&fallBacks=%5B%22catthumb%5FE34A7F0B%2D3375%2D490C%2D9A7AFEEAFA070B4E%22%2C%22catthumb%5F856C5EA7%2D235E%2D4928%2DA8C9368307863C4B%22%2C%22catthumb%5FA66B9C48%2D16F5%2D495F%2DAA43591181D47305%22%5D&aspect=5:4&crop=true&merchantCode=2464895&size=medium&imageplaceholder=http://ebiz.uk/includes/images/sites/9/holdingimage.jpg", "image": "ptg-cedar-6x1.jpg"}}, {"model": "products.product", "pk": 113, "fields": {"category": 11, "sku": "72486", "name": "Shiplap Timber 4.2m x 19mm x 125mm", "description": "Used to clad sheds, summerhouses and outside of buildings", "has_sizes": false, "price": "11.35", "rating": "5.00", "image_url": "https://ebiz.uk/api/productImage?siteID=robertprice&fallBacks=%5B%22catthumb%5FE34A7F0B%2D3375%2D490C%2D9A7AFEEAFA070B4E%22%2C%22catthumb%5F856C5EA7%2D235E%2D4928%2DA8C9368307863C4B%22%2C%22catthumb%5FA66B9C48%2D16F5%2D495F%2DAA43591181D47305%22%5D&aspect=5:4&crop=true&merchantCode=72486&size=medium&imageplaceholder=http://ebiz.uk/includes/images/sites/9/holdingimage.jpg", "image": "shiplap-5x1.jpg"}}, {"model": "products.product", "pk": 114, "fields": {"category": 11, "sku": "222518", "name": "Shiplap Timber 4.2m x 19mm x 150mm", "description": "Used to clad sheds, summerhouses and outside of buildings", "has_sizes": false, "price": "15.56", "rating": "5.00", "image_url": "https://ebiz.uk/api/productImage?siteID=robertprice&fallBacks=%5B%22catthumb%5FE34A7F0B%2D3375%2D490C%2D9A7AFEEAFA070B4E%22%2C%22catthumb%5F856C5EA7%2D235E%2D4928%2DA8C9368307863C4B%22%2C%22catthumb%5FA66B9C48%2D16F5%2D495F%2DAA43591181D47305%22%5D&aspect=5:4&crop=true&merchantCode=222518&size=medium&imageplaceholder=http://ebiz.uk/includes/images/sites/9/holdingimage.jpg", "image": "shiplap-6x1.jpg"}}, {"model": "products.product", "pk": 115, "fields": {"category": 11, "sku": "88889", "name": "Shiplap Treated 19mm x 150mm x 5.4m", "description": "Used to clad sheds, summerhouses and outside of buildings", "has_sizes": false, "price": "19.96", "rating": "5.00", "image_url": "https://ebiz.uk/api/productImage?siteID=robertprice&fallBacks=%5B%22catthumb%5FE34A7F0B%2D3375%2D490C%2D9A7AFEEAFA070B4E%22%2C%22catthumb%5F856C5EA7%2D235E%2D4928%2DA8C9368307863C4B%22%2C%22catthumb%5FA66B9C48%2D16F5%2D495F%2DAA43591181D47305%22%5D&aspect=5:4&crop=true&merchantCode=88889&size=medium&imageplaceholder=http://ebiz.uk/includes/images/sites/9/holdingimage.jpg", "image": "shiplap-treated-6x1.jpg"}}, {"model": "products.product", "pk": 116, "fields": {"category": 12, "sku": "106437", "name": "20mm to Dust Aggregate - Bulk Bag", "description": "20mm to Dust Aggregate - Bulk Bag", "has_sizes": false, "price": "60.41", "rating": "5.00", "image_url": "https://ebiz.uk/api/productImage?siteID=robertprice&fallBacks=%5B%22catthumb%5F27CDF9CF%2D5E26%2D48B4%2DA7D3545EE45363E2%22%2C%22catthumb%5FDFCB2CA1%2D6069%2D4BE3%2DBD6BDC6465F87AC3%22%2C%22catthumb%5F25629353%2DB45B%2D492E%2D8AA60A9D346D063F%22%5D&aspect=5:4&crop=true&merchantCode=106437&size=medium&imageplaceholder=http://ebiz.uk/includes/images/sites/9/holdingimage.jpg", "image": "20mm-to-dust.jpg"}}, {"model": "products.product", "pk": 117, "fields": {"category": 12, "sku": "260231", "name": "Building Sand - Bulk Bag", "description": "Building Sand - Bulk Bag", "has_sizes": false, "price": "60.41", "rating": "5.00", "image_url": "https://ebiz.uk/api/productImage?siteID=robertprice&fallBacks=%5B%22catthumb%5F954AB469%2DCE86%2D41A6%2DB7FA674F25FDE025%22%2C%22catthumb%5FDFCB2CA1%2D6069%2D4BE3%2DBD6BDC6465F87AC3%22%2C%22catthumb%5F25629353%2DB45B%2D492E%2D8AA60A9D346D063F%22%5D&aspect=5:4&crop=true&merchantCode=260231&size=medium&imageplaceholder=http://ebiz.uk/includes/images/sites/9/holdingimage.jpg", "image": "building-sand.jpg"}}, {"model": "products.product", "pk": 118, "fields": {"category": 12, "sku": "96202", "name": "6mm Clean Chippings - Bulk Bag", "description": "6mm Clean Chippings - Bulk Bag", "has_sizes": false, "price": "62.20", "rating": "5.00", "image_url": "https://ebiz.uk/api/productImage?siteID=robertprice&fallBacks=%5B%22catthumb%5F27CDF9CF%2D5E26%2D48B4%2DA7D3545EE45363E2%22%2C%22catthumb%5FDFCB2CA1%2D6069%2D4BE3%2DBD6BDC6465F87AC3%22%2C%22catthumb%5F25629353%2DB45B%2D492E%2D8AA60A9D346D063F%22%5D&aspect=5:4&crop=true&merchantCode=96202&size=medium&imageplaceholder=http://ebiz.uk/includes/images/sites/9/holdingimage.jpg", "image": "chippings-6mm.jpg"}}, {"model": "products.product", "pk": 119, "fields": {"category": 12, "sku": "281913", "name": "10mm Clean Chippings - Bulk Bag", "description": "10mm Clean Chippings - Bulk Bag", "has_sizes": false, "price": "43.00", "rating": "5.00", "image_url": "https://ebiz.uk/api/productImage?siteID=robertprice&fallBacks=%5B%22catthumb%5F27CDF9CF%2D5E26%2D48B4%2DA7D3545EE45363E2%22%2C%22catthumb%5FDFCB2CA1%2D6069%2D4BE3%2DBD6BDC6465F87AC3%22%2C%22catthumb%5F25629353%2DB45B%2D492E%2D8AA60A9D346D063F%22%5D&aspect=5:4&crop=true&merchantCode=281913&size=medium&imageplaceholder=http://ebiz.uk/includes/images/sites/9/holdingimage.jpg", "image": "chippings-10mm.jpg"}}, {"model": "products.product", "pk": 120, "fields": {"category": 12, "sku": "122718", "name": "20mm Clean Chippings - Bulk Bag", "description": "20mm Clean Chippings - Bulk Bag", "has_sizes": false, "price": "60.00", "rating": "5.00", "image_url": "https://ebiz.uk/api/productImage?siteID=robertprice&fallBacks=%5B%22catthumb%5F27CDF9CF%2D5E26%2D48B4%2DA7D3545EE45363E2%22%2C%22catthumb%5FDFCB2CA1%2D6069%2D4BE3%2DBD6BDC6465F87AC3%22%2C%22catthumb%5F25629353%2DB45B%2D492E%2D8AA60A9D346D063F%22%5D&aspect=5:4&crop=true&merchantCode=122718&size=medium&imageplaceholder=http://ebiz.uk/includes/images/sites/9/holdingimage.jpg", "image": "chippings-20mm.jpg"}}, {"model": "products.product", "pk": 121, "fields": {"category": 12, "sku": "", "name": "40mm Clean Chippings - Bulk Bag", "description": "40mm Clean Chippings - Bulk Bag", "has_sizes": false, "price": "60.00", "rating": "5.00", "image_url": "https://ebiz.uk/api/productImage?siteID=robertprice&fallBacks=%5B%22catthumb%5F27CDF9CF%2D5E26%2D48B4%2DA7D3545EE45363E2%22%2C%22catthumb%5FDFCB2CA1%2D6069%2D4BE3%2DBD6BDC6465F87AC3%22%2C%22catthumb%5F25629353%2DB45B%2D492E%2D8AA60A9D346D063F%22%5D&aspect=5:4&crop=true&merchantCode=7874373&size=medium&imageplaceholder=http://ebiz.uk/includes/images/sites/9/holdingimage.jpg", "image": "chippings-40mm.jpg"}}, {"model": "products.product", "pk": 122, "fields": {"category": 12, "sku": "266175", "name": "Concreting Sand - Bulk Bag", "description": "Concreting Sand - Bulk Bag", "has_sizes": false, "price": "60.41", "rating": "5.00", "image_url": "https://ebiz.uk/api/productImage?siteID=robertprice&fallBacks=%5B%22catthumb%5F954AB469%2DCE86%2D41A6%2DB7FA674F25FDE025%22%2C%22catthumb%5FDFCB2CA1%2D6069%2D4BE3%2DBD6BDC6465F87AC3%22%2C%22catthumb%5F25629353%2DB45B%2D492E%2D8AA60A9D346D063F%22%5D&aspect=5:4&crop=true&merchantCode=266175&size=medium&imageplaceholder=http://ebiz.uk/includes/images/sites/9/holdingimage.jpg", "image": "concreting-sand.jpg"}}, {"model": "products.product", "pk": 123, "fields": {"category": 12, "sku": "67709", "name": "Pea Gravel - Bulk Bag", "description": "Pea Gravel - Bulk Bag", "has_sizes": false, "price": "60.41", "rating": "5.00", "image_url": "https://ebiz.uk/api/productImage?siteID=robertprice&fallBacks=%5B%22catthumb%5F27CDF9CF%2D5E26%2D48B4%2DA7D3545EE45363E2%22%2C%22catthumb%5FDFCB2CA1%2D6069%2D4BE3%2DBD6BDC6465F87AC3%22%2C%22catthumb%5F25629353%2DB45B%2D492E%2D8AA60A9D346D063F%22%5D&aspect=5:4&crop=true&merchantCode=67709&size=medium&imageplaceholder=http://ebiz.uk/includes/images/sites/9/holdingimage.jpg", "image": "pea-gravel.jpg"}}, {"model": "products.product", "pk": 124, "fields": {"category": 12, "sku": "264350", "name": "Red Pit Sand - Bulk Bag", "description": "Red Pit Sand - Bulk Bag", "has_sizes": false, "price": "71.06", "rating": "5.00", "image_url": "https://ebiz.uk/api/productImage?siteID=robertprice&fallBacks=%5B%22catthumb%5F954AB469%2DCE86%2D41A6%2DB7FA674F25FDE025%22%2C%22catthumb%5FDFCB2CA1%2D6069%2D4BE3%2DBD6BDC6465F87AC3%22%2C%22catthumb%5F25629353%2DB45B%2D492E%2D8AA60A9D346D063F%22%5D&aspect=5:4&crop=true&merchantCode=264350&size=medium&imageplaceholder=http://ebiz.uk/includes/images/sites/9/holdingimage.jpg", "image": "red-pit-sand.jpg"}}, {"model": "products.product", "pk": 125, "fields": {"category": 12, "sku": "251739", "name": "All In Mixed Sand & Chippings - Bulk Bag", "description": "All In Mixed Sand & Chippings - Bulk Bag", "has_sizes": false, "price": "60.41", "rating": "5.00", "image_url": "https://ebiz.uk/api/productImage?siteID=robertprice&fallBacks=%5B%22catthumb%5F27CDF9CF%2D5E26%2D48B4%2DA7D3545EE45363E2%22%2C%22catthumb%5FDFCB2CA1%2D6069%2D4BE3%2DBD6BDC6465F87AC3%22%2C%22catthumb%5F25629353%2DB45B%2D492E%2D8AA60A9D346D063F%22%5D&aspect=5:4&crop=true&merchantCode=251739&size=medium&imageplaceholder=http://ebiz.uk/includes/images/sites/9/holdingimage.jpg", "image": "sand-chippings.jpg"}}, {"model": "products.product", "pk": 126, "fields": {"category": 12, "sku": "220779", "name": "Scalpings - Bulk Bag", "description": "Scalpings - Bulk Bag", "has_sizes": false, "price": "65.77", "rating": "5.00", "image_url": "https://ebiz.uk/api/productImage?siteID=robertprice&fallBacks=%5B%22catthumb%5F27CDF9CF%2D5E26%2D48B4%2DA7D3545EE45363E2%22%2C%22catthumb%5FDFCB2CA1%2D6069%2D4BE3%2DBD6BDC6465F87AC3%22%2C%22catthumb%5F25629353%2DB45B%2D492E%2D8AA60A9D346D063F%22%5D&aspect=5:4&crop=true&merchantCode=220779&size=medium&imageplaceholder=http://ebiz.uk/includes/images/sites/9/holdingimage.jpg", "image": "scalpings.jpg"}}, {"model": "products.product", "pk": 127, "fields": {"category": 12, "sku": "156523", "name": "Stone Dust - Bulk Bag", "description": "Stone Dust - Bulk Bag", "has_sizes": false, "price": "39.90", "rating": "5.00", "image_url": "https://ebiz.uk/api/productImage?siteID=robertprice&fallBacks=%5B%22catthumb%5F27CDF9CF%2D5E26%2D48B4%2DA7D3545EE45363E2%22%2C%22catthumb%5FDFCB2CA1%2D6069%2D4BE3%2DBD6BDC6465F87AC3%22%2C%22catthumb%5F25629353%2DB45B%2D492E%2D8AA60A9D346D063F%22%5D&aspect=5:4&crop=true&merchantCode=156523&size=medium&imageplaceholder=http://ebiz.uk/includes/images/sites/9/holdingimage.jpg", "image": "stone-dust.jpg"}}, {"model": "products.product", "pk": 128, "fields": {"category": 12, "sku": "179302", "name": "Subbase - Bulk Bag", "description": "Subbase - Bulk Bag", "has_sizes": false, "price": "60.41", "rating": "5.00", "image_url": "https://ebiz.uk/api/productImage?siteID=robertprice&fallBacks=%5B%22catthumb%5F27CDF9CF%2D5E26%2D48B4%2DA7D3545EE45363E2%22%2C%22catthumb%5FDFCB2CA1%2D6069%2D4BE3%2DBD6BDC6465F87AC3%22%2C%22catthumb%5F25629353%2DB45B%2D492E%2D8AA60A9D346D063F%22%5D&aspect=5:4&crop=true&merchantCode=179302&size=medium&imageplaceholder=http://ebiz.uk/includes/images/sites/9/holdingimage.jpg", "image": "subbase.jpg"}}, {"model": "products.product", "pk": 129, "fields": {"category": 12, "sku": "63533", "name": "Yellow Rendering Pit Sand - Bulk Bag", "description": "Yellow Rendering Pit Sand - Bulk Bag", "has_sizes": false, "price": "71.06", "rating": "5.00", "image_url": "https://ebiz.uk/api/productImage?siteID=robertprice&fallBacks=%5B%22catthumb%5F954AB469%2DCE86%2D41A6%2DB7FA674F25FDE025%22%2C%22catthumb%5FDFCB2CA1%2D6069%2D4BE3%2DBD6BDC6465F87AC3%22%2C%22catthumb%5F25629353%2DB45B%2D492E%2D8AA60A9D346D063F%22%5D&aspect=5:4&crop=true&merchantCode=63533&size=medium&imageplaceholder=http://ebiz.uk/includes/images/sites/9/holdingimage.jpg", "image": "yellow-pit-sand.jpg"}}, {"model": "products.product", "pk": 130, "fields": {"category": 13, "sku": "142166", "name": "Sawn Timber Dry Grade 4.8m x 47mm x 75mm", "description": "General purpose sawn timber", "has_sizes": true, "price": "23.14", "rating": "5.00", "image_url": "https://ebiz.uk/api/productImage?merchantCode=57D212A6-09A8-420E-B862D183F6B74891&size=200&crop=true&imageplaceholder=http://www.robert-price.co.uk/includes/images/sites/9/holdingimage.jpg", "image": "dry-3x2.jpg"}}, {"model": "products.product", "pk": 131, "fields": {"category": 13, "sku": "133760", "name": "Sawn Timber Dry Grade 2.4m x 100mm x 200mm", "description": "General purpose sawn timber", "has_sizes": true, "price": "22.95", "rating": "5.00", "image_url": "https://ebiz.uk/api/productImage?siteID=robertprice&fallBacks=%5B%22catthumb%5F57D212A6%2D09A8%2D420E%2DB862D183F6B74891%22%2C%22catthumb%5F666AE889%2D4BC3%2D4AA2%2DB94C30686F2AA539%22%2C%22catthumb%5FA66B9C48%2D16F5%2D495F%2DAA43591181D47305%22%5D&aspect=5:4&crop=true&merchantCode=133760&size=medium&imageplaceholder=http://ebiz.uk/includes/images/sites/9/holdingimage.jpg", "image": "dry-8x4.jpg"}}, {"model": "products.product", "pk": 132, "fields": {"category": 13, "sku": "9189531", "name": "Roofing Battens Red 4.8m x 50mm x 25mm", "description": "Roofing Battens Red 4.8m x 50mm x 25mm", "has_sizes": true, "price": "4.38", "rating": "5.00", "image_url": "https://ebiz.uk/api/productImage?merchantCode=344A5E4A-192B-4A02-B303D10419B947A4&size=200&crop=true&imageplaceholder=http://www.robert-price.co.uk/includes/images/sites/9/holdingimage.jpg", "image": "red-batten.jpg"}}, {"model": "products.product", "pk": 133, "fields": {"category": 13, "sku": "71889", "name": "Sawn Timber Treated 4.8m x 47mm x 100mm", "description": "Treated timber", "has_sizes": true, "price": "22.01", "rating": "5.00", "image_url": "https://ebiz.uk/api/productImage?merchantCode=0D2A9019-FE74-4232-9879617F1349D638&size=200&crop=true&imageplaceholder=http://www.robert-price.co.uk/includes/images/sites/9/holdingimage.jpg", "image": "treated-4x2.jpg"}}, {"model": "products.product", "pk": 134, "fields": {"category": 14, "sku": "136964", "name": "Chipboard PCX 2400 x 600 x 18mm", "description": "EGGER are always looking at ways to advance their products. Specifying EGGER Peel Clean Xtra for structural flooring applications means that you will benefit from a brand new film which is stronger and more resilient to the rigours of site traffic. The new film provides enhanced slip resistance and protection on site for up to 42 days, as well as being covered by the EGGER Advanced Lifetime Guarantee. Once the film is peeled away a polymer seal is left on top of the chipboard surface providing an additional permanent moisture barrier.", "has_sizes": false, "price": "39.86", "rating": "5.00", "image_url": "https://ebiz.uk/api/productImage?siteID=robertprice&fallBacks=%5B%22catthumb%5F3502535D%2DC495%2D4530%2DA006886E2D05D1F8%22%2C%22catthumb%5F21C9820B%2DEB44%2D458D%2D91F729F59C9B6C4B%22%2C%22catthumb%5FA66B9C48%2D16F5%2D495F%2DAA43591181D47305%22%5D&aspect=5:4&crop=true&merchantCode=136964&size=medium&imageplaceholder=http://ebiz.uk/includes/images/sites/9/holdingimage.jpg", "image": "chipboard-pcx.jpg"}}, {"model": "products.product", "pk": 135, "fields": {"category": 14, "sku": "241571", "name": "Chipboard PFB Protect 2400 x 600 x 18mm", "description": "EGGER Protect is a true market-leading product that offers a wide range of tangible advantages. EGGER Protect is manufactured from an EGGER P5 flooring grade particleboard with a unique, weather resistant surface layer applied to both the top and underside of the board.", "has_sizes": false, "price": "33.28", "rating": "5.00", "image_url": "https://ebiz.uk/api/productImage?siteID=robertprice&fallBacks=%5B%22catthumb%5F3502535D%2DC495%2D4530%2DA006886E2D05D1F8%22%2C%22catthumb%5F21C9820B%2DEB44%2D458D%2D91F729F59C9B6C4B%22%2C%22catthumb%5FA66B9C48%2D16F5%2D495F%2DAA43591181D47305%22%5D&aspect=5:4&crop=true&merchantCode=241571&size=medium&imageplaceholder=http://ebiz.uk/includes/images/sites/9/holdingimage.jpg", "image": "chipboard-protect.jpg"}}, {"model": "products.product", "pk": 136, "fields": {"category": 14, "sku": "256056", "name": "Chipboard T&G 2400 x 600 x 18mm", "description": "The backbone of EGGER's range of flooring products for residential applications is the EGGER P5 grade (enhanced moisture resistant) particleboard. This outstanding tongue-and-groove product is specified by the NHBC for new-build applications and is ideal in dry conditions for domestic flooring. EGGER P5 is also suitable for use in damp or humid environments, such as bathrooms and kitchens, where it provides excellent protection.", "has_sizes": false, "price": "24.48", "rating": "5.00", "image_url": "https://ebiz.uk/api/productImage?siteID=robertprice&fallBacks=%5B%22catthumb%5F3502535D%2DC495%2D4530%2DA006886E2D05D1F8%22%2C%22catthumb%5F21C9820B%2DEB44%2D458D%2D91F729F59C9B6C4B%22%2C%22catthumb%5FA66B9C48%2D16F5%2D495F%2DAA43591181D47305%22%5D&aspect=5:4&crop=true&merchantCode=71285&size=medium&imageplaceholder=http://ebiz.uk/includes/images/sites/9/holdingimage.jpg", "image": "chipboard-t&g.jpg"}}, {"model": "products.product", "pk": 137, "fields": {"category": 14, "sku": "101133", "name": "OSB STD 2440 x 1220 x 11mm", "description": "Hoarding boarding out sheds & packing cases", "has_sizes": false, "price": "39.59", "rating": "5.00", "image_url": "https://ebiz.uk/api/productImage?siteID=robertprice&fallBacks=%5B%22catthumb%5F32E3C5D2%2D641A%2D4904%2D8722D1263AFFE651%22%2C%22catthumb%5F21C9820B%2DEB44%2D458D%2D91F729F59C9B6C4B%22%2C%22catthumb%5FA66B9C48%2D16F5%2D495F%2DAA43591181D47305%22%5D&aspect=5:4&crop=true&merchantCode=101133&size=medium&imageplaceholder=http://ebiz.uk/includes/images/sites/9/holdingimage.jpg", "image": "osb.jpg"}}, {"model": "products.product", "pk": 138, "fields": {"category": 14, "sku": "3682466", "name": "Plywood Exterior 2440 x 1220 x 12mm", "description": "Hardwood faced Poplar core plywood. One piece face veneer uniform in colour with occasional filler on reverese.", "has_sizes": false, "price": "48.04", "rating": "5.00", "image_url": "https://ebiz.uk/api/productImage?siteID=robertprice&fallBacks=%5B%22catthumb%5F95A2D679%2D6DDF%2D4A6C%2D869C1FB35D027AE5%22%2C%22catthumb%5F21C9820B%2DEB44%2D458D%2D91F729F59C9B6C4B%22%2C%22catthumb%5FA66B9C48%2D16F5%2D495F%2DAA43591181D47305%22%5D&aspect=5:4&crop=true&merchantCode=3682466&size=medium&imageplaceholder=http://ebiz.uk/includes/images/sites/9/holdingimage.jpg", "image": "plywood.jpg"}}, {"model": "products.product", "pk": 139, "fields": {"category": 15, "sku": "49646", "name": "Jutland Slate Blue/Black 600mm x 300mm", "description": "Man made roof slate", "has_sizes": false, "price": "1.60", "rating": "5.00", "image_url": "https://ebiz.uk/api/productImage?siteID=robertprice&fallBacks=%5B%22catthumb%5FDAC3C16D%2D714D%2D4EAF%2DA35B0E04528192A0%22%2C%22catthumb%5F6019003C%2DC3FC%2D4180%2DA3CF0E58D11AC45E%22%2C%22catthumb%5F097E3B85%2D31D7%2D490E%2DB673D3BDADD34A1E%22%5D&aspect=5:4&crop=true&merchantCode=49646&size=medium&imageplaceholder=http://ebiz.uk/includes/images/sites/9/holdingimage.jpg", "image": "jutland-slate-blue-black.jpg"}}, {"model": "products.product", "pk": 140, "fields": {"category": 15, "sku": "4982820", "name": "Jutland Slate Graphite 600mm x 300mm", "description": "Man made roof slate", "has_sizes": false, "price": "1.35", "rating": "5.00", "image_url": "https://ebiz.uk/api/productImage?siteID=robertprice&fallBacks=%5B%22catthumb%5FDAC3C16D%2D714D%2D4EAF%2DA35B0E04528192A0%22%2C%22catthumb%5F6019003C%2DC3FC%2D4180%2DA3CF0E58D11AC45E%22%2C%22catthumb%5F097E3B85%2D31D7%2D490E%2DB673D3BDADD34A1E%22%5D&aspect=5:4&crop=true&merchantCode=4982820&size=medium&imageplaceholder=http://ebiz.uk/includes/images/sites/9/holdingimage.jpg", "image": "jutland-slate-graphite.jpg"}}, {"model": "products.product", "pk": 141, "fields": {"category": 15, "sku": "280763", "name": "Marley Double Roman Old English Dark Red (192)", "description": "A modern version of the roll profile seen on roofs throughout Europe for over 2000 years, the Double Roman offers all the functional benefits of today’s interlocking concrete tile technology.", "has_sizes": false, "price": "310.46", "rating": "5.00", "image_url": "https://ebiz.uk/api/productImage?siteID=robertprice&fallBacks=%5B%22catthumb%5F89C22C78%2D7036%2D44DB%2DAD37C3C60456837F%22%2C%22catthumb%5F6019003C%2DC3FC%2D4180%2DA3CF0E58D11AC45E%22%2C%22catthumb%5F097E3B85%2D31D7%2D490E%2DB673D3BDADD34A1E%22%5D&aspect=5:4&crop=true&merchantCode=280763&size=medium&imageplaceholder=http://ebiz.uk/includes/images/sites/9/holdingimage.jpg", "image": "marley-old-english.jpg"}}, {"model": "products.product", "pk": 142, "fields": {"category": 15, "sku": "291293", "name": "Marley Double Roman Smooth Brown (192)", "description": "A modern version of the roll profile seen on roofs throughout Europe for over 2000 years, the Double Roman offers all the functional benefits of today’s interlocking concrete tile technology.", "has_sizes": false, "price": "310.46", "rating": "5.00", "image_url": "https://ebiz.uk/api/productImage?siteID=robertprice&fallBacks=%5B%22catthumb%5F89C22C78%2D7036%2D44DB%2DAD37C3C60456837F%22%2C%22catthumb%5F6019003C%2DC3FC%2D4180%2DA3CF0E58D11AC45E%22%2C%22catthumb%5F097E3B85%2D31D7%2D490E%2DB673D3BDADD34A1E%22%5D&aspect=5:4&crop=true&merchantCode=291293&size=medium&imageplaceholder=http://ebiz.uk/includes/images/sites/9/holdingimage.jpg", "image": "marley-smooth-brown.jpg"}}, {"model": "products.product", "pk": 143, "fields": {"category": 15, "sku": "41130", "name": "Marley Double Roman Smooth Grey (192)", "description": "A modern version of the roll profile seen on roofs throughout Europe for over 2000 years, the Double Roman offers all the functional benefits of today’s interlocking concrete tile technology.", "has_sizes": false, "price": "310.46", "rating": "5.00", "image_url": "https://ebiz.uk/api/productImage?siteID=robertprice&fallBacks=%5B%22catthumb%5F89C22C78%2D7036%2D44DB%2DAD37C3C60456837F%22%2C%22catthumb%5F6019003C%2DC3FC%2D4180%2DA3CF0E58D11AC45E%22%2C%22catthumb%5F097E3B85%2D31D7%2D490E%2DB673D3BDADD34A1E%22%5D&aspect=5:4&crop=true&merchantCode=41130&size=medium&imageplaceholder=http://ebiz.uk/includes/images/sites/9/holdingimage.jpg", "image": "marley-smooth-grey.jpg"}}, {"model": "products.product", "pk": 144, "fields": {"category": 15, "sku": "0032888X", "name": "Slate Spanish Contessa 500mm x 250mm", "description": "Natural Roof Slate", "has_sizes": false, "price": "1.97", "rating": "5.00", "image_url": "https://ebiz.uk/api/productImage?siteID=robertprice&fallBacks=%5B%22catthumb%5F193CA63A%2D9DBA%2D4E62%2D9F350803C3B4637C%22%2C%22catthumb%5F6019003C%2DC3FC%2D4180%2DA3CF0E58D11AC45E%22%2C%22catthumb%5F097E3B85%2D31D7%2D490E%2DB673D3BDADD34A1E%22%5D&aspect=5:4&crop=true&merchantCode=0032888X&size=medium&imageplaceholder=http://ebiz.uk/includes/images/sites/9/holdingimage.jpg", "image": "slate-spanish-contessa.jpg"}}, {"model": "checkout.order", "pk": 48, "fields": {"order_number": "D1E7E8D33E0E4632A4E9C12E183783EE", "user_profile": null, "full_name": "test", "email": "testemail@gmail.com", "phone_number": "01234568790", "country": "GB", "postcode": "sdvawsd", "town_or_city": "sdvsdv", "street_address1": "12 dfsd", "street_address2": "sdvasv", "county": "asdvcasdv", "date": "2022-01-30T20:41:54.829Z", "delivery_cost": "2.40", "order_total": "23.97", "grand_total": "26.37", "original_bag": "{\"2\": 3}", "stripe_pid": "pi_3KNk74D3SFldYSV52mxgnBJN"}}, {"model": "checkout.orderlineitem", "pk": 66, "fields": {"order": 48, "product": 2, "product_size": null, "quantity": 3, "lineitem_total": "23.97"}}, {"model": "profiles.userprofile", "pk": 1, "fields": {"user": 1, "default_phone_number": "0756548578", "default_street_address1": "47 Some Road", "default_street_address2": "Village Green", "default_town_or_city": "Townsville", "default_county": null, "default_postcode": "HG3 8ON", "default_country": "GB"}}, {"model": "profiles.userprofile", "pk": 2, "fields": {"user": 2, "default_phone_number": "07845373282", "default_street_address1": "Gorsedd St", "default_street_address2": null, "default_town_or_city": "Ystradgynlais", "default_county": null, "default_postcode": "SA9 2DR", "default_country": "GB"}}, {"model": "news.newspost", "pk": 1, "fields": {"author": 1, "title": "Builders’ merchant helps combat climate change with school learning sessions around COP26", "slug": "builders-merchant-helps-combat-climate-change-with-school-learning-sessions-around-cop26", "content": "Welsh builders’ merchants, Robert Price, recently hosted a Schools Hub Session at their Sustainable Energy Centre, in collaboration with Wales & West Utilities.\r\n\r\nThe event saw twenty pupils from two Welsh schools, Newport and John Frost High, attend for COP26 Energy Efficiency Day.\r\n\r\nAs future generations become an important part of the climate change conversation, the Schools Hub Session was about educating pupils through a morning of learning, hands-on experience and thought-provoking questions around sustainability.\r\n\r\nThe day included a welcome presentation and a talk on COP26 – the Climate Change Conference held in Glasgow in early November – teaching students about the environmental challenges the world is currently facing.\r\n\r\nPupils were then split into four working groups, each participating in a targeted activity around sustainable homes, sustainable building materials, greener homes of the future, recycling and ‘Carbon Calculating’.\r\n\r\nSummarising what they’d learned at the end of the day, pupils combined their brand-new knowledge with their own ideas on how to combat climate change. After presenting these ideas to the group, they returned to school, ready to tell their fellow classmates everything they had learned about climate change.\r\n\r\n“This is the first school session we’ve hosted at our Sustainable Energy Centre”, said Molly Pike, Marketing Director at Robert Price.\r\n\r\n“It was a pleasure to welcome both schools to join us for such a fascinating day. It was invaluable to hear the perspectives from youngsters, and we hope they found all the activities equally enlightening!\r\n\r\n“We’re all responsible for making positive actions count in the fight against climate change. Construction methods will need to change quickly, to help us meet national targets and as part of the sustainable solution.\r\n\r\n“The more we can educate and inform everyone on the new building technologies available, the better!”\r\n\r\nThe event was held at Robert Price’s Sustainable Energy Centre in Newport, a showroom dedicated to renewable technologies and sustainable building products.\r\n\r\nCovering a wide range of sustainable building products, the Centre focuses on helping to make Welsh housing fit for the future, as well as hosting training days for Welsh businesses and schools.", "image": "blog1.jpg", "date_posted": "2022-01-30T15:08:22.913Z"}}, {"model": "news.newspost", "pk": 2, "fields": {"author": 1, "title": "Welsh builders’ merchants help to restock foodbank", "slug": "welsh-builders-merchants-help-to-restock-foodbank", "content": "South Wales builders’ merchants, Robert Price, has donated a collection of food and toiletries to Abergavenny foodbank, which has seen more demand than ever in the last 18 months.\r\n\r\nProviding an invaluable community service to those in need, the COVID-19 pandemic has meant that local foodbanks have become a necessity for thousands of people.\r\n\r\nEven now as many people are back in employment, furlough has come to an end, energy prices are rising and government cutbacks to Universal Credit mean that it could continue to be a busy time ahead for such a vital support service.\r\n\r\nThe foodbank relies largely on individuals and organisations for donations. South Wales builders’ merchants, Robert Price, were delighted to make their contribution to such an important charity.\r\n\r\n“The whole team were honoured to do what they could for our local foodbank”, said Janet Jefferies, Branch Manager at Robert Price Abergavenny, who organised the collection.\r\n\r\n“Offering our support and helping those in need of this lifeline seemed like the least we could do to assist.\r\n\r\n“I hope we can make this a regular contribution, and I’d like to give a big thank you to everyone in the team for their donations.”\r\n\r\nKate Hooten, who leads the Abergavenny Foodbank, was overjoyed with the donation:\r\n\r\n“We manage all of the food donations by weight, and the Robert Price collection weighed in at an amazing 90.2kg!\r\n\r\n“With further government cuts, it’s looking like we have a busy time ahead. So, these donations will enable us to restock in readiness for the coming months.\r\n\r\n“Thank you so much to all the staff at Robert Price for their generosity, it is hugely appreciated!”", "image": "blog2.jpg", "date_posted": "2022-01-30T15:10:05.581Z"}}]